Earthquake Name,Year,Station Name,Magnitude,Mechanism,Horizontal-1 Acc. Filename,Horizontal-2 Acc. Filename
"""San Fernando""",1971,"""LA - Hollywood Stor FF""",6.61,Reverse,RSN68_SFERN_PEL090.AT2,RSN68_SFERN_PEL180.AT2
"""Tabas_ Iran""",1978,"""Boshrooyeh""",7.35,Reverse,RSN138_TABAS_BOS-L1.AT2,RSN138_TABAS_BOS-T1.AT2
"""Chalfant Valley-02""",1986,"""Zack Brothers Ranch""",6.19,strike slip,RSN558_CHALFANT.A_A-ZAK270.AT2,RSN558_CHALFANT.A_A-ZAK360.AT2
"""Superstition Hills-02""",1987,"""Plaster City""",6.54,strike slip,RSN724_SUPER.B_B-PLS045.AT2,RSN724_SUPER.B_B-PLS135.AT2
"""Superstition Hills-02""",1987,"""Poe Road (temp)""",6.54,strike slip,RSN725_SUPER.B_B-POE270.AT2,RSN725_SUPER.B_B-POE360.AT2
"""Northridge-01""",1994,"""LA - Centinela St""",6.69,Reverse,RSN987_NORTHR_CEN155.AT2,RSN987_NORTHR_CEN245.AT2
"""Northridge-01""",1994,"""LA - Hollywood Stor FF""",6.69,Reverse,RSN995_NORTHR_PEL090.AT2,RSN995_NORTHR_PEL360.AT2
"""Northridge-01""",1994,"""LA - N Westmoreland""",6.69,Reverse,RSN998_NORTHR_WST000.AT2,RSN998_NORTHR_WST270.AT2
"""Northridge-01""",1994,"""Sun Valley - Roscoe Blvd""",6.69,Reverse,RSN1082_NORTHR_RO3000.AT2,RSN1082_NORTHR_RO3090.AT2
"""Northridge-02""",1994,"""LA - Hollywood Stor FF""",6.05,Reverse,RSN1660_NORTH001_PEL090.AT2,RSN1660_NORTH001_PEL360.AT2
"""Parkfield-02_ CA""",2004,"""Parkfield - Vineyard Cany 5W""",6,strike slip,RSN4136_PARK2004_VC5090.AT2,RSN4136_PARK2004_VC5360.AT2
"""Chuetsu-oki_ Japan""",2007,"""Nakanoshima Nagaoka""",6.8,Reverse,RSN4861_CHUETSU_65034NS.AT2,RSN4861_CHUETSU_65034EW.AT2
"""Imperial Valley-02""",1940,"""El Centro Array #9""",6.95,strike slip,RSN6_IMPVALL.I_I-ELC180.AT2,RSN6_IMPVALL.I_I-ELC270.AT2
"""Imperial Valley-06""",1979,"""Calipatria Fire Station""",6.53,strike slip,RSN163_IMPVALL.H_H-CAL225.AT2,RSN163_IMPVALL.H_H-CAL315.AT2
"""Imperial Valley-06""",1979,"""El Centro Array #8""",6.53,strike slip,RSN183_IMPVALL.H_H-E08140.AT2,RSN183_IMPVALL.H_H-E08230.AT2
"""Superstition Hills-02""",1987,"""Brawley Airport""",6.54,strike slip,RSN719_SUPER.B_B-BRA225.AT2,RSN719_SUPER.B_B-BRA315.AT2
"""Superstition Hills-02""",1987,"""Calipatria Fire Station""",6.54,strike slip,RSN720_SUPER.B_B-CAL225.AT2,RSN720_SUPER.B_B-CAL315.AT2
"""Chi-Chi_ Taiwan""",1999,"""TCU110""",7.62,Reverse Oblique,RSN1536_CHICHI_TCU110-E.AT2,RSN1536_CHICHI_TCU110-N.AT2
"""Parkfield-02_ CA""",2004,"""Parkfield - Fault Zone 3""",6,strike slip,RSN4108_PARK2004_COH090.AT2,RSN4108_PARK2004_COH360.AT2
"""Parkfield-02_ CA""",2004,"""Parkfield - Gold Hill 1W""",6,strike slip,RSN4118_PARK2004_PG1090.AT2,RSN4118_PARK2004_PG1360.AT2
"""Chuetsu-oki_ Japan""",2007,"""Kashiwazaki NPP_ Service Hall Array 2.4 m depth""",6.8,Reverse,RSN4896_CHUETSU_SG01NS.AT2,RSN4896_CHUETSU_SG01EW.AT2
"""El Mayor-Cucapah_ Mexico""",2010,"""El Centro Differential Array""",7.2,strike slip,RSN5985_SIERRA.MEX_EDA360.AT2,RSN5985_SIERRA.MEX_EDA090.AT2
"""El Mayor-Cucapah_ Mexico""",2010,"""El Centro Array #7""",7.2,strike slip,RSN5990_SIERRA.MEX_E07360.AT2,RSN5990_SIERRA.MEX_E07090.AT2
"""El Mayor-Cucapah_ Mexico""",2010,"""El Centro Array #10""",7.2,strike slip,RSN5991_SIERRA.MEX_E10320.AT2,RSN5991_SIERRA.MEX_E10230.AT2
"""Darfield_ New Zealand""",2010,"""Christchurch Cashmere High School""",7,strike slip,RSN6890_DARFIELD_CMHSN10E.AT2,RSN6890_DARFIELD_CMHSS80E.AT2
"""Darfield_ New Zealand""",2010,"""Hulverstone Drive Pumping Station""",7,strike slip,RSN6912_DARFIELD_HPSCN04W.AT2,RSN6912_DARFIELD_HPSCS86W.AT2
"""Darfield_ New Zealand""",2010,"""Pages Road Pumping Station""",7,strike slip,RSN6953_DARFIELD_PRPCW.AT2,RSN6953_DARFIELD_PRPCS.AT2
"""Christchurch_ New Zealand""",2011,"""Christchurch Cashmere High School""",6.2,Reverse Oblique,RSN8067_CCHURCH_CMHSN10E.AT2,RSN8067_CCHURCH_CMHSS80E.AT2
"""Christchurch_ New Zealand""",2011,"""Hulverstone Drive Pumping Station""",6.2,Reverse Oblique,RSN8090_CCHURCH_HPSCN04W.AT2,RSN8090_CCHURCH_HPSCS86W.AT2
"""Christchurch_ New Zealand""",2011,"""Shirley Library""",6.2,Reverse Oblique,RSN8130_CCHURCH_SHLCS40W.AT2,RSN8130_CCHURCH_SHLCS50E.AT2
"""Lazio-Abruzzo_ Italy""",1984,"""Pontecorvo""",5.8,Normal,RSN480_ABRUZZO_PON-NS.AT2,RSN480_ABRUZZO_PON-WE.AT2
"""Taiwan SMART1(33)""",1985,"""SMART1 C00""",5.8,Normal,RSN486_SMART1.33_33C00EW.AT2,RSN486_SMART1.33_33C00NS.AT2
"""Taiwan SMART1(33)""",1985,"""SMART1 I01""",5.8,Normal,RSN487_SMART1.33_33I01EW.AT2,RSN487_SMART1.33_33I01NS.AT2
"""Taiwan SMART1(33)""",1985,"""SMART1 I07""",5.8,Normal,RSN488_SMART1.33_33I07EW.AT2,RSN488_SMART1.33_33I07NS.AT2
"""Taiwan SMART1(33)""",1985,"""SMART1 M01""",5.8,Normal,RSN489_SMART1.33_33M01EW.AT2,RSN489_SMART1.33_33M01NS.AT2
"""Taiwan SMART1(33)""",1985,"""SMART1 O01""",5.8,Normal,RSN491_SMART1.33_33O01EW.AT2,RSN491_SMART1.33_33O01NS.AT2
"""Taiwan SMART1(33)""",1985,"""SMART1 O07""",5.8,Normal,RSN492_SMART1.33_33O07EW.AT2,RSN492_SMART1.33_33O07NS.AT2
"""Dinar_ Turkey""",1995,"""Dinar""",6.4,Normal,RSN1141_DINAR_DIN090.AT2,RSN1141_DINAR_DIN180.AT2
"""Little Skull Mtn_NV""",1992,"""Station #1-Lathrop Wells""",5.65,Normal,RSN1740_SKULLMTN_LSM1000.AT2,RSN1740_SKULLMTN_LSM1270.AT2
"""Northwest China-02""",1997,"""Jiashi""",5.93,Normal,RSN1750_NWCHINA2_JIA000.AT2,RSN1750_NWCHINA2_JIA270.AT2
"""Northwest China-03""",1997,"""Jiashi""",6.1,Normal,RSN1752_NWCHINA3_JIA000.AT2,RSN1752_NWCHINA3_JIA270.AT2
"""Northwest China-04""",1997,"""Jiashi""",5.8,Normal Oblique,RSN1754_NWCHINA4_JIA000.AT2,RSN1754_NWCHINA4_JIA270.AT2
"""Taiwan SMART1(33)""",1985,"""SMART1 I02""",5.8,Normal,RSN3608_SMART1.33_33I02EW.AT2,RSN3608_SMART1.33_33I02NS.AT2
"""Taiwan SMART1(33)""",1985,"""SMART1 I03""",5.8,Normal,RSN3609_SMART1.33_33I03EW.AT2,RSN3609_SMART1.33_33I03NS.AT2
"""Taiwan SMART1(33)""",1985,"""SMART1 I04""",5.8,Normal,RSN3610_SMART1.33_33I04EW.AT2,RSN3610_SMART1.33_33I04NS.AT2
"""Taiwan SMART1(33)""",1985,"""SMART1 I05""",5.8,Normal,RSN3611_SMART1.33_33I05EW.AT2,RSN3611_SMART1.33_33I05NS.AT2
"""Taiwan SMART1(33)""",1985,"""SMART1 I06""",5.8,Normal,RSN3612_SMART1.33_33I06EW.AT2,RSN3612_SMART1.33_33I06NS.AT2
"""Taiwan SMART1(33)""",1985,"""SMART1 I08""",5.8,Normal,RSN3613_SMART1.33_33I08EW.AT2,RSN3613_SMART1.33_33I08NS.AT2
"""Taiwan SMART1(33)""",1985,"""SMART1 I09""",5.8,Normal,RSN3614_SMART1.33_33I09EW.AT2,RSN3614_SMART1.33_33I09NS.AT2
"""Taiwan SMART1(33)""",1985,"""SMART1 I11""",5.8,Normal,RSN3615_SMART1.33_33I11EW.AT2,RSN3615_SMART1.33_33I11NS.AT2
"""Taiwan SMART1(33)""",1985,"""SMART1 I12""",5.8,Normal,RSN3616_SMART1.33_33I12EW.AT2,RSN3616_SMART1.33_33I12NS.AT2
"""Taiwan SMART1(33)""",1985,"""SMART1 M02""",5.8,Normal,RSN3617_SMART1.33_33M02EW.AT2,RSN3617_SMART1.33_33M02NS.AT2
"""Taiwan SMART1(33)""",1985,"""SMART1 M03""",5.8,Normal,RSN3618_SMART1.33_33M03EW.AT2,RSN3618_SMART1.33_33M03NS.AT2
"""Taiwan SMART1(33)""",1985,"""SMART1 M04""",5.8,Normal,RSN3619_SMART1.33_33M04EW.AT2,RSN3619_SMART1.33_33M04NS.AT2
"""Taiwan SMART1(33)""",1985,"""SMART1 M05""",5.8,Normal,RSN3620_SMART1.33_33M05EW.AT2,RSN3620_SMART1.33_33M05NS.AT2
"""Taiwan SMART1(33)""",1985,"""SMART1 M06""",5.8,Normal,RSN3621_SMART1.33_33M06EW.AT2,RSN3621_SMART1.33_33M06NS.AT2
"""Taiwan SMART1(33)""",1985,"""SMART1 M09""",5.8,Normal,RSN3622_SMART1.33_33M09EW.AT2,RSN3622_SMART1.33_33M09NS.AT2
"""Taiwan SMART1(33)""",1985,"""SMART1 M10""",5.8,Normal,RSN3623_SMART1.33_33M10EW.AT2,RSN3623_SMART1.33_33M10NS.AT2
"""Taiwan SMART1(33)""",1985,"""SMART1 M11""",5.8,Normal,RSN3624_SMART1.33_33M11EW.AT2,RSN3624_SMART1.33_33M11NS.AT2
"""Taiwan SMART1(33)""",1985,"""SMART1 M12""",5.8,Normal,RSN3625_SMART1.33_33M12EW.AT2,RSN3625_SMART1.33_33M12NS.AT2
"""Taiwan SMART1(33)""",1985,"""SMART1 O02""",5.8,Normal,RSN3626_SMART1.33_33O02EW.AT2,RSN3626_SMART1.33_33O02NS.AT2
"""Taiwan SMART1(33)""",1985,"""SMART1 O03""",5.8,Normal,RSN3627_SMART1.33_33O03EW.AT2,RSN3627_SMART1.33_33O03NS.AT2
"""Taiwan SMART1(33)""",1985,"""SMART1 O04""",5.8,Normal,RSN3628_SMART1.33_33O04EW.AT2,RSN3628_SMART1.33_33O04NS.AT2
"""Taiwan SMART1(33)""",1985,"""SMART1 O05""",5.8,Normal,RSN3629_SMART1.33_33O05EW.AT2,RSN3629_SMART1.33_33O05NS.AT2
"""Taiwan SMART1(33)""",1985,"""SMART1 O06""",5.8,Normal,RSN3630_SMART1.33_33O06EW.AT2,RSN3630_SMART1.33_33O06NS.AT2
"""Taiwan SMART1(33)""",1985,"""SMART1 O10""",5.8,Normal,RSN3631_SMART1.33_33O10EW.AT2,RSN3631_SMART1.33_33O10NS.AT2
"""Taiwan SMART1(33)""",1985,"""SMART1 O11""",5.8,Normal,RSN3632_SMART1.33_33O11EW.AT2,RSN3632_SMART1.33_33O11NS.AT2
"""Taiwan SMART1(33)""",1985,"""SMART1 O12""",5.8,Normal,RSN3633_SMART1.33_33O12EW.AT2,RSN3633_SMART1.33_33O12NS.AT2
"""Umbria Marche (foreshock)_ Italy""",1997,"""Colfiorito""",5.7,Normal,RSN4337_UBMARCHE.P_B-CLF000.AT2,RSN4337_UBMARCHE.P_B-CLF270.AT2
"""Umbria Marche_ Italy""",1997,"""Castelnuovo-Assisi""",6,Normal,RSN4348_UBMARCHE.P_A-CSA000.AT2,RSN4348_UBMARCHE.P_A-CSA270.AT2
"""Umbria Marche_ Italy""",1997,"""Colfiorito""",6,Normal,RSN4349_UBMARCHE.P_A-CLF000.AT2,RSN4349_UBMARCHE.P_A-CLF270.AT2
"""Umbria Marche (aftershock 1)_ Italy""",1997,"""Colfiorito""",5.5,Normal,RSN4364_UBMARCHE.P_E-CLF000.AT2,RSN4364_UBMARCHE.P_E-CLF270.AT2
"""Umbria Marche (aftershock 2)_ Italy""",1997,"""Colfiorito""",5.6,Normal,RSN4385_UBMARCHE.P_J-CLF000.AT2,RSN4385_UBMARCHE.P_J-CLF270.AT2
"""Umbria Marche (aftershock 2)_ Italy""",1997,"""Norcia-Altavilla""",5.6,Normal,RSN4391_UBMARCHE.P_J-NRA000.AT2,RSN4391_UBMARCHE.P_J-NRA090.AT2
"""Northern Calif-03""",1954,"""Ferndale City Hall""",6.5,strike slip,RSN20_NCALIF.FH_H-FRN044.AT2,RSN20_NCALIF.FH_H-FRN314.AT2
"""Gazli_ USSR""",1976,"""Karakyr""",6.8,Reverse,RSN126_GAZLI_GAZ000.AT2,RSN126_GAZLI_GAZ090.AT2
"""Imperial Valley-06""",1979,"""Aeropuerto Mexicali""",6.53,strike slip,RSN158_IMPVALL.H_H-AEP045.AT2,RSN158_IMPVALL.H_H-AEP315.AT2
"""Imperial Valley-06""",1979,"""Bonds Corner""",6.53,strike slip,RSN160_IMPVALL.H_H-BCR140.AT2,RSN160_IMPVALL.H_H-BCR230.AT2
"""Imperial Valley-06""",1979,"""Calexico Fire Station""",6.53,strike slip,RSN162_IMPVALL.H_H-CXO225.AT2,RSN162_IMPVALL.H_H-CXO315.AT2
"""Imperial Valley-06""",1979,"""Chihuahua""",6.53,strike slip,RSN165_IMPVALL.H_H-CHI012.AT2,RSN165_IMPVALL.H_H-CHI282.AT2
"""Imperial Valley-06""",1979,"""Compuertas""",6.53,strike slip,RSN167_IMPVALL.H_H-CMP015.AT2,RSN167_IMPVALL.H_H-CMP285.AT2
"""Imperial Valley-06""",1979,"""Delta""",6.53,strike slip,RSN169_IMPVALL.H_H-DLT262.AT2,RSN169_IMPVALL.H_H-DLT352.AT2
"""Imperial Valley-06""",1979,"""El Centro Array #1""",6.53,strike slip,RSN172_IMPVALL.H_H-E01140.AT2,RSN172_IMPVALL.H_H-E01230.AT2
"""Imperial Valley-06""",1979,"""El Centro Array #13""",6.53,strike slip,RSN176_IMPVALL.H_H-E13140.AT2,RSN176_IMPVALL.H_H-E13230.AT2
"""Loma Prieta""",1989,"""Agnews State Hospital""",6.93,Reverse Oblique,RSN737_LOMAP_AGW000.AT2,RSN737_LOMAP_AGW090.AT2
"""Loma Prieta""",1989,"""Capitola""",6.93,Reverse Oblique,RSN752_LOMAP_CAP000.AT2,RSN752_LOMAP_CAP090.AT2
"""Loma Prieta""",1989,"""Coyote Lake Dam (Downst)""",6.93,Reverse Oblique,RSN754_LOMAP_CLD195.AT2,RSN754_LOMAP_CLD285.AT2
"""Loma Prieta""",1989,"""Gilroy Array #4""",6.93,Reverse Oblique,RSN768_LOMAP_G04000.AT2,RSN768_LOMAP_G04090.AT2
"""Loma Prieta""",1989,"""Hollister - South & Pine""",6.93,Reverse Oblique,RSN776_LOMAP_HSP000.AT2,RSN776_LOMAP_HSP090.AT2
"""Loma Prieta""",1989,"""Hollister Differential Array""",6.93,Reverse Oblique,RSN778_LOMAP_HDA165.AT2,RSN778_LOMAP_HDA255.AT2
"""Loma Prieta""",1989,"""Sunnyvale - Colton Ave.""",6.93,Reverse Oblique,RSN806_LOMAP_SVL270.AT2,RSN806_LOMAP_SVL360.AT2
"""Northridge-01""",1994,"""Arleta - Nordhoff Fire Sta""",6.69,Reverse,RSN949_NORTHR_ARL090.AT2,RSN949_NORTHR_ARL360.AT2
"""Northridge-01""",1994,"""Canoga Park - Topanga Can""",6.69,Reverse,RSN959_NORTHR_CNP106.AT2,RSN959_NORTHR_CNP196.AT2
"""Northridge-01""",1994,"""LA - Baldwin Hills""",6.69,Reverse,RSN985_NORTHR_BLD090.AT2,RSN985_NORTHR_BLD360.AT2
"""Northridge-01""",1994,"""LA - Century City CC North""",6.69,Reverse,RSN988_NORTHR_CCN090.AT2,RSN988_NORTHR_CCN360.AT2
"""Northridge-01""",1994,"""LA - N Faring Rd""",6.69,Reverse,RSN996_NORTHR_FAR000.AT2,RSN996_NORTHR_FAR090.AT2
"""Northridge-01""",1994,"""LA - Saturn St""",6.69,Reverse,RSN1003_NORTHR_STN020.AT2,RSN1003_NORTHR_STN110.AT2
"""Northridge-01""",1994,"""Northridge - 17645 Saticoy St""",6.69,Reverse,RSN1048_NORTHR_STC090.AT2,RSN1048_NORTHR_STC180.AT2
"""Northridge-01""",1994,"""Tarzana - Cedar Hill A""",6.69,Reverse,RSN1087_NORTHR_TAR090.AT2,RSN1087_NORTHR_TAR360.AT2
"""Kobe_ Japan""",1995,"""Abeno""",6.9,strike slip,RSN1100_KOBE_ABN000.AT2,RSN1100_KOBE_ABN090.AT2
"""Kobe_ Japan""",1995,"""Amagasaki""",6.9,strike slip,RSN1101_KOBE_AMA000.AT2,RSN1101_KOBE_AMA090.AT2
"""Kobe_ Japan""",1995,"""Fukushima""",6.9,strike slip,RSN1104_KOBE_FKS000.AT2,RSN1104_KOBE_FKS090.AT2
"""Kobe_ Japan""",1995,"""Kakogawa""",6.9,strike slip,RSN1107_KOBE_KAK000.AT2,RSN1107_KOBE_KAK090.AT2
"""Kobe_ Japan""",1995,"""Morigawachi""",6.9,strike slip,RSN1110_KOBE_MRG000.AT2,RSN1110_KOBE_MRG090.AT2
"""Kobe_ Japan""",1995,"""OSAJ""",6.9,strike slip,RSN1113_KOBE_OSA000.AT2,RSN1113_KOBE_OSA090.AT2
"""Kobe_ Japan""",1995,"""Sakai""",6.9,strike slip,RSN1115_KOBE_SKI000.AT2,RSN1115_KOBE_SKI090.AT2
"""Kobe_ Japan""",1995,"""Shin-Osaka""",6.9,strike slip,RSN1116_KOBE_SHI000.AT2,RSN1116_KOBE_SHI090.AT2
"""Kobe_ Japan""",1995,"""Yae""",6.9,strike slip,RSN1121_KOBE_YAE000.AT2,RSN1121_KOBE_YAE090.AT2
"""Kocaeli_ Turkey""",1999,"""Duzce""",7.51,strike slip,RSN1158_KOCAELI_DZC180.AT2,RSN1158_KOCAELI_DZC270.AT2
"""Chi-Chi_ Taiwan""",1999,"""CHY002""",7.62,Reverse Oblique,RSN1180_CHICHI_CHY002-N.AT2,RSN1180_CHICHI_CHY002-W.AT2
"""Chi-Chi_ Taiwan""",1999,"""CHY025""",7.62,Reverse Oblique,RSN1194_CHICHI_CHY025-E.AT2,RSN1194_CHICHI_CHY025-N.AT2
"""Chi-Chi_ Taiwan""",1999,"""CHY026""",7.62,Reverse Oblique,RSN1195_CHICHI_CHY026-E.AT2,RSN1195_CHICHI_CHY026-N.AT2
"""Chi-Chi_ Taiwan""",1999,"""CHY036""",7.62,Reverse Oblique,RSN1203_CHICHI_CHY036-E.AT2,RSN1203_CHICHI_CHY036-N.AT2
"""Chi-Chi_ Taiwan""",1999,"""CHY092""",7.62,Reverse Oblique,RSN1238_CHICHI_CHY092-N.AT2,RSN1238_CHICHI_CHY092-W.AT2
"""Chi-Chi_ Taiwan""",1999,"""CHY104""",7.62,Reverse Oblique,RSN1246_CHICHI_CHY104-N.AT2,RSN1246_CHICHI_CHY104-W.AT2
"""Chi-Chi_ Taiwan""",1999,"""TCU111""",7.62,Reverse Oblique,RSN1537_CHICHI_TCU111-E.AT2,RSN1537_CHICHI_TCU111-N.AT2
"""Chi-Chi_ Taiwan""",1999,"""TCU115""",7.62,Reverse Oblique,RSN1540_CHICHI_TCU115-E.AT2,RSN1540_CHICHI_TCU115-N.AT2
"""Chi-Chi_ Taiwan""",1999,"""TCU118""",7.62,Reverse Oblique,RSN1543_CHICHI_TCU118-E.AT2,RSN1543_CHICHI_TCU118-N.AT2
"""Chi-Chi_ Taiwan""",1999,"""TCU123""",7.62,Reverse Oblique,RSN1547_CHICHI_TCU123-E.AT2,RSN1547_CHICHI_TCU123-N.AT2
"""Chi-Chi_ Taiwan""",1999,"""TCU141""",7.62,Reverse Oblique,RSN1553_CHICHI_TCU141-N.AT2,RSN1553_CHICHI_TCU141-W.AT2
"""Duzce_ Turkey""",1999,"""Duzce""",7.14,strike slip,RSN1605_DUZCE_DZC180.AT2,RSN1605_DUZCE_DZC270.AT2
"""St Elias_ Alaska""",1979,"""Icy Bay""",7.54,Reverse,RSN1628_STELIAS_059V2090.AT2,RSN1628_STELIAS_059V2180.AT2
"""Tottori_ Japan""",2000,"""OKY005""",6.61,strike slip,RSN3908_TOTTORI_OKY005NS.AT2,RSN3908_TOTTORI_OKY005EW.AT2
"""Tottori_ Japan""",2000,"""TTRH02""",6.61,strike slip,RSN3968_TOTTORI_TTRH02NS.AT2,RSN3968_TOTTORI_TTRH02EW.AT2
"""Niigata_ Japan""",2004,"""NIG017""",6.63,Reverse,RSN4207_NIIGATA_NIG017NS.AT2,RSN4207_NIIGATA_NIG017EW.AT2
"""Chuetsu-oki_ Japan""",2007,"""Joetsu City""",6.8,Reverse,RSN4853_CHUETSU_65019NS.AT2,RSN4853_CHUETSU_65019EW.AT2
"""Chuetsu-oki_ Japan""",2007,"""Sanjo""",6.8,Reverse,RSN4855_CHUETSU_65024NS.AT2,RSN4855_CHUETSU_65024EW.AT2
"""Chuetsu-oki_ Japan""",2007,"""Kashiwazaki City Center""",6.8,Reverse,RSN4856_CHUETSU_65025NS.AT2,RSN4856_CHUETSU_65025EW.AT2
"""Chuetsu-oki_ Japan""",2007,"""Mitsuke Kazuiti Arita Town""",6.8,Reverse,RSN4859_CHUETSU_65029NS.AT2,RSN4859_CHUETSU_65029EW.AT2
"""Chuetsu-oki_ Japan""",2007,"""Sanjo Shinbori""",6.8,Reverse,RSN4860_CHUETSU_65033NS.AT2,RSN4860_CHUETSU_65033EW.AT2
"""Chuetsu-oki_ Japan""",2007,"""Kariwa""",6.8,Reverse,RSN4875_CHUETSU_65058NS.AT2,RSN4875_CHUETSU_65058EW.AT2
"""Chuetsu-oki_ Japan""",2007,"""Yahiko Village Yahagi""",6.8,Reverse,RSN4878_CHUETSU_65083NS.AT2,RSN4878_CHUETSU_65083EW.AT2
"""Chuetsu-oki_ Japan""",2007,"""Yan Sakuramachi City watershed""",6.8,Reverse,RSN4879_CHUETSU_65084NS.AT2,RSN4879_CHUETSU_65084EW.AT2
"""Chuetsu-oki_ Japan""",2007,"""Hinodecho Yoshida Tsubame City""",6.8,Reverse,RSN4880_CHUETSU_65085NS.AT2,RSN4880_CHUETSU_65085EW.AT2
"""Chuetsu-oki_ Japan""",2007,"""Nagaoka Kouiti Town""",6.8,Reverse,RSN4881_CHUETSU_65301NS.AT2,RSN4881_CHUETSU_65301EW.AT2
"""Chuetsu-oki_ Japan""",2007,"""Niigata Nishi Kaba District""",6.8,Reverse,RSN4883_CHUETSU_690E1NS.AT2,RSN4883_CHUETSU_690E1EW.AT2
"""Chuetsu-oki_ Japan""",2007,"""Kashiwazaki NPP_ Unit 5: ground surface""",6.8,Reverse,RSN4895_CHUETSU_5-G1NS.AT2,RSN4895_CHUETSU_5-G1EW.AT2
"""Chuetsu-oki_ Japan""",2007,"""NIG017""",6.8,Reverse,RSN5263_CHUETSU_NIG017NS.AT2,RSN5263_CHUETSU_NIG017EW.AT2
"""Iwate_ Japan""",2008,"""IWT011""",6.9,Reverse,RSN5619_IWATE_IWT011NS.AT2,RSN5619_IWATE_IWT011EW.AT2
"""Iwate_ Japan""",2008,"""IWT012""",6.9,Reverse,RSN5620_IWATE_IWT012NS.AT2,RSN5620_IWATE_IWT012EW.AT2
"""Iwate_ Japan""",2008,"""IWTH20""",6.9,Reverse,RSN5652_IWATE_IWTH20NS.AT2,RSN5652_IWATE_IWTH20EW.AT2
"""Iwate_ Japan""",2008,"""Nakashinden Town""",6.9,Reverse,RSN5774_IWATE_54008NS.AT2,RSN5774_IWATE_54008EW.AT2
"""El Mayor-Cucapah_ Mexico""",2010,"""Chihuahua""",7.2,strike slip,RSN5823_SIERRA.MEX_CHI000.AT2,RSN5823_SIERRA.MEX_CHI090.AT2
"""El Mayor-Cucapah_ Mexico""",2010,"""CERRO PRIETO GEOTHERMAL""",7.2,strike slip,RSN5825_SIERRA.MEX_GEO000.AT2,RSN5825_SIERRA.MEX_GEO090.AT2
"""El Mayor-Cucapah_ Mexico""",2010,"""MICHOACAN DE OCAMPO""",7.2,strike slip,RSN5827_SIERRA.MEX_MDO000.AT2,RSN5827_SIERRA.MEX_MDO090.AT2
"""El Mayor-Cucapah_ Mexico""",2010,"""RIITO""",7.2,strike slip,RSN5829_SIERRA.MEX_RII000.AT2,RSN5829_SIERRA.MEX_RII090.AT2
"""El Mayor-Cucapah_ Mexico""",2010,"""EJIDO SALTILLO""",7.2,strike slip,RSN5831_SIERRA.MEX_SAL000.AT2,RSN5831_SIERRA.MEX_SAL090.AT2
"""El Mayor-Cucapah_ Mexico""",2010,"""TAMAULIPAS""",7.2,strike slip,RSN5832_SIERRA.MEX_TAM000.AT2,RSN5832_SIERRA.MEX_TAM090.AT2
"""El Mayor-Cucapah_ Mexico""",2010,"""El Centro - Meloland Geot. Array""",7.2,strike slip,RSN5836_SIERRA.MEX_EMO360.AT2,RSN5836_SIERRA.MEX_EMO270.AT2
"""El Mayor-Cucapah_ Mexico""",2010,"""El Centro - Imperial & Ross""",7.2,strike slip,RSN5837_SIERRA.MEX_01711360.AT2,RSN5837_SIERRA.MEX_01711-90.AT2
"""El Mayor-Cucapah_ Mexico""",2010,"""Calexico Fire Station""",7.2,strike slip,RSN5975_SIERRA.MEX_CXO360.AT2,RSN5975_SIERRA.MEX_CXO090.AT2
"""El Mayor-Cucapah_ Mexico""",2010,"""El Centro - Meadows Union School""",7.2,strike slip,RSN6013_SIERRA.MEX_2027B360.AT2,RSN6013_SIERRA.MEX_2027A090.AT2
"""Darfield_ New Zealand""",2010,"""Canterbury Aero Club""",7,strike slip,RSN6886_DARFIELD_CACSN40E.AT2,RSN6886_DARFIELD_CACSN50W.AT2
"""Darfield_ New Zealand""",2010,"""LRSC""",7,strike slip,RSN6930_DARFIELD_LRSCN49W.AT2,RSN6930_DARFIELD_LRSCS41W.AT2
"""Darfield_ New Zealand""",2010,"""Papanui High School """,7,strike slip,RSN6952_DARFIELD_PPHSS33W.AT2,RSN6952_DARFIELD_PPHSS57E.AT2
"""Darfield_ New Zealand""",2010,"""RKAC""",7,strike slip,RSN6961_DARFIELD_RKACN14E.AT2,RSN6961_DARFIELD_RKACS76E.AT2
"""Darfield_ New Zealand""",2010,"""SBRC""",7,strike slip,RSN6965_DARFIELD_SBRCS31E.AT2,RSN6965_DARFIELD_SBRCS59W.AT2
