GM Title,Site Class,Scale Factor,GM file
Chi-Chi Taiwan-03\TCU076\N,B,3.4741,RSN2627_CHICHI.03_TCU076N.AT2
Chi-Chi Taiwan\TCU088\E,B,2.1137,RSN1520_CHICHI_TCU088-E.AT2
Chi-Chi Taiwan\TCU088\N,B,1.7468,RSN1520_CHICHI_TCU088-N.AT2
Chi-Chi Taiwan\TCU089\E,B,1.5306,RSN1521_CHICHI_TCU089-E.AT2
Chi-Chi Taiwan\TCU089\N,B,1.931,RSN1521_CHICHI_TCU089-N.AT2
Chi-Chi Taiwan\TCU138\W,B,1.9833,RSN1551_CHICHI_TCU138-W.AT2
Chuetsu-oki\Kawaguchi\NS,B,4.1828,RSN4869_CHUETSU_65042NS.AT2
Chuetsu-oki\Sawa Mizuguti Tokamachi\EW,B,4.0237,RSN4872_CHUETSU_65053EW.AT2
Hector Mine\Hector\0,B,2.1642,RSN1787_HECTOR_HEC000.AT2
Iwate\AKT019\EW,B,3.7438,RSN5474_IWATE_AKT019EW.AT2
Iwate\IWT010\EW,B,2.0882,RSN5618_IWATE_IWT010EW.AT2
Iwate\IWT010\NS,B,2.3924,RSN5618_IWATE_IWT010NS.AT2
Iwate\Machimukai Town\NS,B,2.7711,RSN5810_IWATE_56362NS.AT2
L'Aquila Italy\Celano\EAST,B,9.3028,RSN4472_L-AQUILA_TK003YLN.AT2
Loma Prieta\San Jose - Santa Teresa Hills\225,B,2.1944,RSN801_LOMAP_SJTE225.AT2
Manjil Iran\Abbar\L,B,1.1485,RSN1633_MANJIL_ABBAR--L.AT2
Manjil Iran\Abbar\T,B,0.9312,RSN1633_MANJIL_ABBAR--T.AT2
Nahanni Canada\Site 1\280,B,0.9476,RSN495_NAHANNI_S1280.AT2
Tottori Japan\OKYH14\EW,B,2.7769,RSN3932_TOTTORI_OKYH14EW.AT2
Tottori Japan\SMN015\EW,B,2.8849,RSN3943_TOTTORI_SMN015EW.AT2
Chi-Chi Taiwan\CHY025\N,D,3.703,RSN1194_CHICHI_CHY025-N.AT2
Chi-Chi Taiwan\CHY036\E,D,2.5306,RSN1203_CHICHI_CHY036-E.AT2
Christchurch New Zealand\Shirley Library\S40W,D,2.0468,RSN8130_CCHURCH_SHLCS40W.AT2
Christchurch New Zealand\Shirley Library\S50E,D,1.9024,RSN8130_CCHURCH_SHLCS50E.AT2
Darfield New Zealand\Christchurch Cashmere High School\N10E,D,2.7991,RSN6890_DARFIELD_CMHSN10E.AT2
Darfield New Zealand\Pages Road Pumping Station\S,D,2.5941,RSN6953_DARFIELD_PRPCS.AT2
Dinar Turkey\Dinar\180,D,3.3726,RSN1141_DINAR_DIN180.AT2
Dinar Turkey\Dinar\90,D,2.6628,RSN1141_DINAR_DIN090.AT2
El Mayor-Cucapah\Chihuahua\0,D,2.656,RSN5823_SIERRA.MEX_CHI000.AT2
Imperial Valley-06\Delta\262,D,3.029,RSN169_IMPVALL.H_H-DLT262.AT2
Iwate\IWT011\NS,D,4.2205,RSN5619_IWATE_IWT011NS.AT2
Kobe Japan\Amagasaki\90,D,2.255,RSN1101_KOBE_AMA090.AT2
Kobe Japan\Fukushima\90,D,3.5125,RSN1104_KOBE_FKS090.AT2
Kocaeli Turkey\Duzce\270,D,2.1412,RSN1158_KOCAELI_DZC270.AT2
Loma Prieta\Gilroy Array #4\0,D,2.8689,RSN768_LOMAP_G04000.AT2
Loma Prieta\Hollister - South & Pine\90,D,3.5334,RSN776_LOMAP_HSP090.AT2
Loma Prieta\Hollister Differential Array\165,D,3.0169,RSN778_LOMAP_HDA165.AT2
Loma Prieta\Hollister Differential Array\255,D,2.7877,RSN778_LOMAP_HDA255.AT2
Northridge-01\Canoga Park - Topanga Can\196,D,2.3212,RSN959_NORTHR_CNP196.AT2
Northridge-01\Northridge - 17645 Saticoy St\180,D,1.7568,RSN1048_NORTHR_STC180.AT2
