Period (s),Median Sa (g),Chi-Chi Taiwan\CHY036\E,Chi-Chi Taiwan\CHY036\N,Chi-Chi Taiwan\TCU110\E,Chi-Chi Taiwan\TCU111\N,Chi-Chi Taiwan\TCU123\N,Chuetsu-oki\Mitsuke Kazuiti Arita Town\EW,Chuetsu-oki\Mitsuke Kazuiti Arita Town\NS,Darfield New Zealand\Christchurch Cashmere High School\N10E,Darfield New Zealand\Hulverstone Drive Pumping Station\N04W,Imperial Valley-06\Delta\262,Kobe Japan\Fukushima\0,Kobe Japan\Morigawachi\0,Kobe Japan\Yae\0,Kocaeli Turkey\Duzce\270,Loma Prieta\Capitola\0,Loma Prieta\Gilroy Array #4\90,Loma Prieta\Hollister Differential Array\255,Loma Prieta\Sunnyvale - Colton Ave.\360,Northern Calif-03\Ferndale City Hall\44,St Elias Alaska\Icy Bay\90,scaled_plus_sigma,scaled_minus_sigma,Sa (g),target_plus_sigma,target_minus_sigma
0.001,1.02817,1.60304,1.13339,0.950512,0.480609,0.720189,0.694264,0.498024,1.20192,0.724292,1.28723,1.03155,1.14441,0.860585,2.58207,3.10082,1.21713,1.65852,1.09642,0.878102,0.476059,1.6981841328194778,0.6225082006536311,1.006150548,1.6401940935853483,0.6172067861967475
0.01,1.02978,1.60494,1.13559,0.9507,0.480963,0.720591,0.694994,0.498807,1.20392,0.724637,1.29461,1.03318,1.14459,0.861836,2.58462,3.11997,1.21926,1.65872,1.09743,0.879218,0.476906,1.7019321886385785,0.6230840778963584,1.012401489,1.6517866420396081,0.6205140233267727
0.02,1.04068,1.6094,1.14298,0.955434,0.485646,0.721968,0.697847,0.502211,1.21455,0.727362,1.30955,1.03724,1.14518,0.883674,2.59195,3.44745,1.22745,1.66031,1.09714,0.88511,0.478678,1.7379710083156201,0.6231489807471643,1.02978803,1.6847422267531484,0.6294514198620261
0.03,1.06551,1.63038,1.16549,0.963854,0.505272,0.729203,0.694386,0.515776,1.27126,0.740145,1.4719,1.04329,1.14606,0.890779,2.60922,3.79227,1.23338,1.67767,1.13488,0.890455,0.482267,1.7997910193082232,0.6308018808407956,1.031256877,1.6962108036497445,0.6269802928217855
0.05,1.13256,1.72167,1.16056,1.00918,0.513724,0.729804,0.726139,0.687274,1.45333,0.781296,1.68381,1.11199,1.19345,0.872494,2.65623,4.29923,1.28482,1.68589,1.29094,0.916692,0.493121,1.9221619287015117,0.6673174275522686,1.110588846,1.8568547756224332,0.6642455840124402
0.075,1.24456,1.9604,1.67174,0.988219,0.539969,0.741273,0.893576,0.709151,1.4899,0.823692,2.06507,1.10274,1.29208,0.997081,3.03175,4.50927,1.3507,2.00038,1.32775,1.06836,0.512978,2.158209739653191,0.7176918744926534,1.28731132,2.184243355625853,0.7586931329477762
0.1,1.41123,2.39535,2.08998,1.04478,0.630313,0.761892,1.0696,0.771869,1.57591,0.873696,3.06804,1.06973,1.4692,0.926562,3.21663,5.37798,1.87487,2.12154,1.77797,1.2629,0.49808,2.5851012217602687,0.7704031455851015,1.462089165,2.4702854501872173,0.8653674927520565
0.15,1.75754,2.43932,2.35889,1.07012,0.670543,0.873868,1.66219,1.08802,2.4554,1.30152,3.58215,1.09648,1.65812,1.04511,4.40954,7.78233,2.15583,2.91091,2.48625,1.51316,0.687772,3.3183514355458965,0.9308679058256055,1.735074304,2.868028448571283,1.0496697973483373
0.2,2.00038,3.66717,2.74135,1.20545,0.646831,1.22463,1.55062,1.25855,2.98954,1.80769,2.89965,1.27538,1.6578,1.0368,4.52429,8.01031,3.16117,2.82943,4.2807,1.4804,0.796286,3.817585529761153,1.048180875897849,2.015306715,3.2875299235923685,1.2354142015188194
0.25,2.2945,3.52299,2.9126,1.80654,0.641109,1.39052,2.21872,2.09869,2.50985,1.96583,2.25861,1.88372,1.86687,1.46034,6.96797,9.13082,2.9436,4.02742,3.22768,1.7105,0.892086,4.231391737292657,1.244207716246215,2.256104334,3.6846350382276682,1.3814140920567015
0.3,2.48015,3.46582,3.1758,1.64243,0.889734,1.39928,2.63331,1.62552,3.38817,1.99704,3.13866,2.09279,1.64755,1.66114,8.9649,10.341,2.47864,4.29385,3.19988,1.95179,1.07389,4.604651748584373,1.3358543399923941,2.509188449,4.164711288674133,1.5117558544134788
0.4,2.60334,3.33077,2.93696,1.36248,1.31218,1.58731,1.55698,1.11996,2.28591,3.03936,3.40795,2.37313,2.3758,2.41865,8.58027,11.0016,3.64023,4.82041,2.37484,2.57691,1.29054,4.737915333942929,1.43045594484269,2.680434291,4.603029834163883,1.5608693072209345
0.5,2.66005,5.32442,3.69261,2.24675,1.39826,2.02699,1.71872,0.8572,3.15649,2.25641,3.64786,2.43856,2.85817,3.09958,4.9432,4.72651,4.69173,5.47791,2.31313,1.70832,1.28072,4.460910617905238,1.5861931808494065,2.678421716,4.724627628729883,1.5184144555893706
0.75,2.46921,4.94597,4.32408,2.44636,0.956027,1.85282,2.36491,1.21038,2.83617,1.96636,2.88873,3.47368,3.54752,2.69669,4.25315,4.66393,2.21898,3.59667,1.36656,2.33542,0.989217,4.056803147775519,1.502907043306547,2.463738748,4.5780391920694665,1.32589704101085
1.0,2.14596,3.65705,1.54549,2.32568,0.92577,2.01224,2.21298,1.60898,2.67138,1.46967,1.41205,4.94178,3.43154,2.49232,4.20861,2.90146,1.90669,3.27277,1.52608,1.42232,1.26955,3.355349724242968,1.3724781915658613,2.113571185,4.055088408024427,1.1016241089152092
1.5,1.47122,2.21349,1.37076,2.00351,1.17191,1.60824,1.10987,1.11387,1.24768,0.876589,1.13807,1.57441,1.10095,1.09331,3.84248,3.58733,2.13713,1.04865,1.05526,2.14103,0.967994,2.248476753624495,0.9626465049775997,1.529102806,3.015585741496635,0.7753569593934502
2.0,1.11763,1.66248,0.887734,3.20277,0.6834,1.3117,0.910567,0.982898,1.45124,1.22747,0.845064,0.992995,0.842933,0.901691,2.61008,0.951476,0.902537,0.896728,1.01955,1.48069,0.707303,1.671289312276417,0.747385152124643,1.123767519,2.24341913677626,0.5629146226211237
3.0,0.657801,0.733362,0.904937,1.60289,0.923928,0.959404,0.279911,0.437482,0.815759,0.574966,0.844062,0.630126,0.424707,0.368471,0.848135,0.421594,0.41416,0.895414,1.49646,0.649185,0.396232,1.0538964231040606,0.4105737016608846,0.691615868,1.3902077320049293,0.34407268630246496
4.0,0.431737,0.933048,0.810842,0.770151,0.734045,0.866974,0.305688,0.173568,0.615975,0.303042,0.339376,0.519026,0.430503,0.59386,0.54735,0.145677,0.254962,0.440859,0.548678,0.376154,0.165495,0.7572660210417446,0.24614446177392238,0.421810395,0.8381778756939119,0.2122747623024004
5.0,0.295888,0.361078,0.64157,0.585143,0.721987,0.503323,0.1992,0.157656,0.363568,0.133198,0.397284,0.352232,0.30097,0.282174,0.564866,0.0917922,0.163593,0.380685,0.37207,0.252949,0.0977819,0.5438453940465318,0.16098271586448182,0.291657395,0.5808622750313853,0.14644441499250369
7.5,0.136884,0.239907,0.534994,0.353028,0.268724,0.269029,0.113959,0.092271,0.27541,0.0465591,0.110083,0.175953,0.09293,0.09063,0.245426,0.0302201,0.0742678,0.194403,0.197971,0.0769437,0.0453843,0.2935643459404682,0.06382665236806283,0.129137729,0.2567078488766516,0.06496315996668472
10.0,0.0710723,0.102211,0.156865,0.122196,0.296724,0.227907,0.0545695,0.0397806,0.159124,0.0234372,0.0716128,0.0514308,0.0355764,0.0409603,0.14387,0.0164425,0.0605247,0.10052,0.0932132,0.0387994,0.0360898,0.15374581222807418,0.032854695383811125,0.072946481,0.14415588449627767,0.03691274281918586
