Period (s),Median Sa (g),Chi-Chi Taiwan-06\TCU076\E,Chi-Chi Taiwan\CHY042\E,Chi-Chi Taiwan\CHY042\N,Chi-Chi Taiwan\CHY086\E,Chi-Chi Taiwan\TCU088\E,Chuetsu-oki\Joetsu Uragawaraku Kamabucchi\NS,Chuetsu-oki\Kawaguchi\NS,Chuetsu-oki\Matsushiro Tokamachi\NS,Chuetsu-oki\Sawa Mizuguti Tokamachi\EW,Chuetsu-oki\Sawa Mizuguti Tokamachi\NS,Chuetsu-oki\Tokamachi Matsunoyama\NS,Iwate\AKT019\EW,Iwate\AKT019\NS,Iwate\Yuzawa Town\EW,Iwate\Yuzawa\EW,Loma Prieta\San Jose - Santa Teresa Hills\225,Tottori Japan\OKYH07\NS,Tottori Japan\OKYH08\EW,Tottori Japan\SMNH10\EW,Umbria Marche (aftershock 2) Italy\Norcia\0,scaled_plus_sigma,scaled_minus_sigma,Sa (g),target_plus_sigma,target_minus_sigma
0.001,1.08729,0.710989,0.537602,0.3895,0.607064,5.19461,1.88128,1.04506,1.2323,0.899318,1.00704,0.69451,1.31311,1.11477,1.3552,1.40296,2.1105,0.957209,1.53713,1.65543,0.520942,1.9532689661316853,0.6052415538251577,0.996464888,1.7975462396882773,0.5523876110074611
0.01,1.09498,0.714733,0.537686,0.390429,0.607324,5.29121,1.89862,1.06347,1.23285,0.899407,1.01276,0.695025,1.33654,1.13574,1.37102,1.40727,2.1175,0.968115,1.55458,1.65885,0.521831,1.974012154449289,0.6073828865225466,1.00341856,1.8117168090431588,0.5557429293180932
0.02,1.12772,0.74356,0.537977,0.393366,0.60797,5.85081,1.9667,1.14903,1.23458,0.901028,1.03694,0.696723,1.41914,1.21158,1.44434,1.42161,2.16999,1.0024,1.61741,1.67025,0.524762,2.070545077985197,0.6142114035196543,1.053497146,1.9069121304682404,0.5820175030076615
0.03,1.22746,1.01775,0.539067,0.396792,0.609577,8.06923,2.15656,1.58362,1.24696,0.92677,1.05028,0.700613,1.66344,1.39468,1.48471,1.44729,2.2373,1.07189,1.80783,1.69255,0.529833,2.380305863727922,0.6329682561216498,1.282867325,2.3481301423139223,0.7008762180152769
0.05,1.51506,1.03731,0.550798,0.40691,0.614533,10.793,2.62516,1.74036,1.27464,0.968733,1.19636,0.71699,3.54408,2.85886,2.16918,1.57198,3.00657,2.08204,2.37475,1.92622,0.550055,3.3367492084075043,0.6879170894283377,1.738468639,3.2748905516618825,0.9228623555840129
0.075,1.86659,1.07417,0.5775,0.434135,0.662454,16.0669,3.72833,2.07671,1.60243,1.44226,1.62989,0.765421,4.4098,3.40892,1.49692,2.26161,5.51003,3.47907,2.78665,2.38927,0.634263,4.544361514036346,0.7666991759652801,2.192620046,4.230498791788644,1.1364103626391557
0.1,2.29612,1.50603,0.65796,0.560967,0.719678,19.4309,4.88251,3.28281,1.87448,2.00258,2.68195,0.96468,4.21071,3.7457,1.90383,3.40208,6.09572,1.44804,5.01483,2.95076,1.02766,5.491765243953625,0.9600131870539441,2.412124762,4.6823448513515045,1.2426137015034588
0.15,2.60007,2.09198,0.692329,0.739494,1.00974,11.4716,6.15068,2.43285,2.89856,3.04159,2.6668,1.08921,4.33439,2.54958,2.15982,4.1049,7.83893,1.49088,4.22702,5.32262,1.62804,5.567891117208907,1.214169577419621,2.439154153,4.662074774347736,1.2761427626242934
0.2,2.44525,1.34048,0.857776,1.15831,1.06319,7.47888,4.80767,2.68635,3.33266,2.12219,2.45153,1.99777,4.95702,2.45525,2.2768,2.52253,6.36307,0.846216,3.68324,7.09247,1.25382,4.843721679010499,1.2344325208465472,2.295026241,4.329336194424342,1.2166173312347588
0.25,2.23093,1.59985,1.09519,1.04208,1.25957,7.06607,6.18356,2.27404,3.62804,2.43318,2.21414,1.69212,2.56432,1.71312,2.38796,2.05398,4.52857,1.21558,2.05653,5.06342,0.999148,4.005260166734934,1.2426280585306553,2.102477279,3.939135339113546,1.122177921844646
0.3,2.04365,1.64105,1.44896,0.855822,1.68916,3.27807,4.05262,2.06143,4.61257,2.31448,2.31533,1.28498,1.98402,1.4943,3.09584,2.45025,3.10324,1.44736,1.474,4.50368,0.805456,3.370699955758629,1.2390617311887115,1.975997698,3.727204337810283,1.0475859514574444
0.4,1.81349,1.02356,1.06187,1.13502,1.86829,4.49585,3.38324,1.40836,3.61878,1.56014,1.72834,1.65475,1.50243,0.876491,2.57208,4.75024,4.95513,0.941981,0.922972,4.96584,0.539369,3.556074135815915,0.9248249205427271,1.631841862,3.100347101852591,0.8589063659950927
0.5,1.52602,1.56682,1.21851,1.02501,2.40269,2.14813,1.9278,1.33206,2.97004,1.4042,1.53291,1.57225,1.29691,0.795731,2.21498,2.16571,3.11847,1.17531,0.579592,2.39088,0.715498,2.4228488024955017,0.9611565682519816,1.405171431,2.702549679859806,0.7306088636272597
0.75,1.15739,1.34128,1.92784,0.597194,1.71164,2.17852,1.06991,0.786383,2.03591,1.24306,1.48572,1.61702,0.84358,0.656463,2.24831,1.0626,2.49346,0.466766,0.342994,1.17856,1.01464,2.0021757616371163,0.6690479616058733,1.111845229,2.2002681836361067,0.5618405167351692
1.0,0.885675,0.756765,1.05218,0.617503,0.986414,0.971216,0.810114,0.786692,1.36458,1.40284,2.09747,1.46021,0.720008,0.973052,1.52638,0.895883,1.458,0.217888,0.438671,0.750747,0.499976,1.4815499261198577,0.5294591777135564,0.859504737,1.7194269318801005,0.42964802936851626
1.5,0.596963,0.274357,0.771953,0.338089,0.855914,0.593289,0.501748,0.538007,0.861563,0.895594,0.980657,1.26676,0.400435,0.431087,1.8791,0.583856,1.06686,0.166804,0.291009,1.09398,0.327224,1.0984090953045882,0.32443724737200963,0.563798145,1.1343378510153783,0.2802236988044682
2.0,0.443458,0.221816,0.442659,0.234854,0.511473,0.697308,0.553701,0.352828,0.362208,0.94154,0.672169,0.578811,0.397356,0.447053,1.34587,0.540084,0.445688,0.230053,0.203688,0.776755,0.193721,0.7550878469261559,0.2604398926092529,0.413339795,0.8313844047905923,0.20550034995385244
3.0,0.260012,0.275771,0.207867,0.149169,0.237143,0.301731,0.33067,0.185459,0.315161,0.259675,0.435179,0.296291,0.276409,0.604386,0.812452,0.59139,0.213608,0.0826849,0.135347,0.331418,0.0792211,0.4733910465363757,0.14281267176185408,0.27421815,0.5505750362458969,0.13657646794548592
4.0,0.177922,0.189021,0.153633,0.181861,0.195218,0.200444,0.165323,0.117051,0.324093,0.172911,0.294688,0.251309,0.139532,0.275841,0.441662,0.289879,0.225881,0.0466353,0.0724821,0.441779,0.0366375,0.34402290931650514,0.09201781982163254,0.183305874,0.3645878578970864,0.09216171826651608
5.0,0.122363,0.0961438,0.124447,0.175699,0.13777,0.16214,0.138202,0.0950814,0.135567,0.131024,0.127842,0.14522,0.0978654,0.121949,0.274522,0.171777,0.238113,0.0491774,0.0601507,0.351787,0.019954,0.2284713996371036,0.06553425852330814,0.138550063,0.27620632616917445,0.06949920453866246
7.5,0.0656679,0.0281198,0.0821565,0.0620443,0.0886216,0.151002,0.150445,0.0454339,0.126354,0.0897322,0.0998131,0.0827104,0.0433154,0.0399982,0.0645056,0.0476615,0.195051,0.0329327,0.0393001,0.171739,0.00784614,0.14062942253745317,0.030664088727673847,0.066946057,0.1330248181845942,0.03369126610365321
10.0,0.032317,0.0149968,0.0311056,0.0387782,0.0304763,0.0689007,0.0542993,0.0252549,0.0634969,0.0462985,0.0459387,0.0413555,0.0222521,0.0165708,0.0279839,0.0297026,0.121356,0.0246169,0.0196205,0.0709688,0.00416252,0.06628955925975258,0.01575494694281511,0.040676813,0.08004621944804867,0.020670596653360174
