Period (s),Median Sa (g),Chi-Chi Taiwan\CHY002\W,Chi-Chi Taiwan\TCU111\N,Chi-Chi Taiwan\TCU123\N,Chuetsu-oki\Joetsu City\NS,Chuetsu-oki\Mitsuke Kazuiti Arita Town\EW,Chuetsu-oki\Mitsuke Kazuiti Arita Town\NS,Darfield New Zealand\Christchurch Cashmere High School\N10E,Darfield New Zealand\Hulverstone Drive Pumping Station\N04W,Dinar Turkey\Dinar\180,Imperial Valley-02\El Centro Array #9\270,Kobe Japan\Morigawachi\90,Kobe Japan\OSAJ\0,Kobe Japan\OSAJ\90,Kobe Japan\Yae\0,Loma Prieta\Gilroy Array #4\90,Loma Prieta\Sunnyvale - Colton Ave.\270,Northern Calif-03\Ferndale City Hall\44,St Elias Alaska\Icy Bay\90,Tabas Iran\Boshrooyeh\T,Umbria Marche (aftershock 2) Italy\Colfiorito\270,scaled_plus_sigma,scaled_minus_sigma,Sa (g),target_plus_sigma,target_minus_sigma
0.001,1.12039,0.854302,0.713315,1.07098,1.73816,0.984083,0.782524,2.46915,1.04365,2.78855,1.79963,0.931949,0.650296,0.514611,1.27572,1.77285,1.86247,1.29995,0.837502,0.674576,0.891207,1.7869653375449648,0.7024611645934703,1.006150548,1.6401940935853483,0.6172067861967475
0.01,1.12199,0.855079,0.713842,1.07158,1.742,0.985118,0.783754,2.47327,1.04415,2.79122,1.80066,0.933984,0.650659,0.515835,1.27757,1.77596,1.86765,1.3016,0.838991,0.675278,0.893589,1.789613893096391,0.7034263451776835,1.012401489,1.6517866420396081,0.6205140233267727
0.02,1.13051,0.856617,0.720791,1.07363,1.76838,0.989162,0.789102,2.4951,1.04807,2.79998,1.8037,0.939164,0.6518,0.519687,1.30994,1.78788,1.91447,1.31033,0.842108,0.677209,0.902753,1.8066130664744795,0.7074303202035731,1.02978803,1.6847422267531484,0.6294514198620261
0.03,1.14476,0.862671,0.749921,1.08439,1.85252,0.984257,0.810418,2.61161,1.06649,2.81711,1.80891,0.935948,0.653743,0.526681,1.32048,1.79652,1.90677,1.31824,0.848423,0.687192,0.906155,1.832617014853161,0.7150841921573026,1.031256877,1.6962108036497445,0.6269802928217855
0.05,1.24201,0.88139,0.762465,1.08528,2.6383,1.02927,1.07988,2.98563,1.12579,2.85656,1.83179,0.982743,0.668842,0.567554,1.29337,1.87145,2.17711,1.35708,0.867518,0.870789,1.00651,2.0165417413314484,0.7649674730171891,1.110588846,1.8568547756224332,0.6642455840124402
0.075,1.35575,0.907836,0.801417,1.10234,2.06368,1.2666,1.11426,3.06076,1.18688,3.03043,1.95291,1.20479,0.790731,0.624682,1.47806,1.96741,2.44911,1.58161,0.902451,0.923036,1.56963,2.1352501513783695,0.8608162661004742,1.28731132,2.184243355625853,0.7586931329477762
0.1,1.55762,0.925153,0.935505,1.133,2.23781,1.51611,1.21281,3.23746,1.25893,3.71718,2.7093,1.78539,0.891097,0.742887,1.37352,2.73091,2.75379,1.86961,0.876241,1.34456,1.58685,2.519146151304619,0.9630961915979056,1.462089165,2.4702854501872173,0.8653674927520565
0.15,2.03041,0.945048,0.995214,1.29952,2.66092,2.35607,1.70955,5.04424,1.87539,6.51915,3.49168,1.97616,1.30682,1.13168,1.54926,3.14016,3.2024,2.24009,1.20995,1.67898,2.42621,3.4361777797403334,1.1997530489855897,1.735074304,2.868028448571283,1.0496697973483373
0.2,2.17755,1.30041,0.960021,1.82113,2.82539,2.19792,1.97751,6.14153,2.60473,7.62722,4.40016,1.24483,1.34127,0.819586,1.53693,4.60452,3.55764,2.19159,1.40086,1.72017,2.10687,3.977463846135552,1.1921476060950227,2.015306715,3.2875299235923685,1.2354142015188194
0.25,2.45358,1.22866,0.951528,2.06781,3.29276,3.14493,3.29759,5.1561,2.8326,8.70244,4.63297,1.19298,1.49342,1.48068,2.16478,4.28761,3.84894,2.53223,1.56939,1.58242,2.17,4.339795306055877,1.3871748301122495,2.256104334,3.6846350382276682,1.3814140920567015
0.3,2.65253,1.65314,1.32053,2.08085,3.00244,3.73258,2.55412,6.96046,2.87758,10.4974,3.70289,1.51963,1.44156,1.69785,2.46244,3.61035,4.0078,2.88945,1.88922,1.64272,2.47141,4.509926704130992,1.5600952881241417,2.509188449,4.164711288674133,1.5117558544134788
0.4,2.84642,2.27272,1.94753,2.36047,3.90312,2.20694,1.75974,4.69605,4.37949,8.89439,4.88588,2.14375,1.49424,1.33386,3.58536,5.30231,2.85492,3.81489,2.27036,2.32201,1.84646,4.637771934233633,1.7469825880385446,2.680434291,4.603029834163883,1.5608693072209345
0.5,2.71257,1.92205,2.07529,3.0143,4.33083,2.4362,1.34688,6.48452,3.25131,4.95466,4.42651,2.41969,1.35973,1.48416,4.59477,6.83392,3.66754,2.52901,2.2531,1.90673,0.96369,4.674623033692379,1.5740383667018498,2.678421716,4.724627628729883,1.5184144555893706
0.75,2.57676,1.53138,1.41893,2.7553,5.82559,3.35214,1.90182,5.82647,2.83338,5.60042,3.70425,2.50224,1.29044,0.95912,3.99752,3.23213,3.50568,3.45738,1.74027,1.42833,1.8139,4.385702401528234,1.5139404112979362,2.463738748,4.5780391920694665,1.32589704101085
1.0,2.24637,1.87992,1.37402,2.99237,2.70757,3.13679,2.52813,5.48793,2.11768,3.55057,2.38091,2.33341,1.91542,1.06086,3.69457,2.77726,2.32747,2.10561,2.23345,0.82922,1.48695,3.467637686244486,1.4552207103173753,2.113571185,4.055088408024427,1.1016241089152092
1.5,1.62216,1.95963,1.73934,2.39159,1.99355,1.57319,1.75017,2.56315,1.2631,2.24493,1.6248,1.04787,0.941397,0.9157,1.6207,3.11291,1.99628,3.1696,1.70293,1.10415,0.555593,2.514006245563137,1.0466971075525575,1.529102806,3.015585741496635,0.7753569593934502
2.0,1.25027,1.48764,1.0143,1.95061,1.30462,1.29068,1.54439,2.98134,1.76868,2.41142,1.94507,0.730897,0.758912,0.786338,1.33665,1.31462,1.22025,2.19202,1.24431,0.835088,0.216004,2.207698406860325,0.7080564392502628,1.123767519,2.24341913677626,0.5629146226211237
3.0,0.718959,1.45231,1.37129,1.42671,0.731581,0.396759,0.687397,1.67585,0.828481,0.854178,0.922214,0.363422,0.578733,0.483016,0.546215,0.603261,3.08846,0.96106,0.697067,0.486244,0.0652118,1.5633954922004925,0.33062782018992265,0.691615868,1.3902077320049293,0.34407268630246496
4.0,0.488829,1.12444,1.08946,1.28926,0.273315,0.433298,0.27272,1.26542,0.43666,0.52866,0.503388,0.440177,0.448666,0.452221,0.880328,0.371375,0.909993,0.556861,0.291146,0.492726,0.0381214,1.0649708800209732,0.22437589207725017,0.421810395,0.8381778756939119,0.2122747623024004
5.0,0.323341,1.57511,1.07157,0.748483,0.219746,0.282356,0.247719,0.746893,0.191928,0.223045,0.488446,0.340129,0.298661,0.230387,0.418291,0.238288,0.69525,0.374469,0.172022,0.210801,0.0233639,0.7755570100867144,0.1348055667362357,0.291657395,0.5808622750313853,0.14644441499250369
7.5,0.14302,0.87657,0.398838,0.400069,0.17551,0.161531,0.144982,0.565786,0.067088,0.0613874,0.255468,0.10827,0.0900209,0.104849,0.134348,0.108177,0.272198,0.113908,0.0798419,0.1133,0.00899412,0.37805756811351915,0.05410477695782583,0.129137729,0.2567078488766516,0.06496315996668472
10.0,0.0779982,0.30575,0.440395,0.338916,0.0744562,0.0773495,0.0625056,0.326896,0.0337712,0.0350166,0.0862818,0.0564592,0.0408455,0.0632406,0.0607188,0.0881594,0.167291,0.0574389,0.0634905,0.0513946,0.0051783,0.2140877011442392,0.028416948618366283,0.072946481,0.14415588449627767,0.03691274281918586
