Period (s),Median Sa (g),Chuetsu-oki\Hinodecho Yoshida Tsubame City\NS,Chuetsu-oki\Mitsuke Kazuiti Arita Town\EW,Chuetsu-oki\Niigata Nishi Kaba District\EW,Chuetsu-oki\Niigata Nishi Kaba District\NS,Chuetsu-oki\Sanjo\EW,Chuetsu-oki\Sanjo\NS,Darfield New Zealand\Canterbury Aero Club\N40E,Darfield New Zealand\Hulverstone Drive Pumping Station\N04W,Darfield New Zealand\Hulverstone Drive Pumping Station\S86W,Darfield New Zealand\SBRC\S59W,Imperial Valley-06\Calexico Fire Station\315,Imperial Valley-06\El Centro Array #13\140,Iwate\IWT011\NS,Kobe Japan\Morigawachi\90,Kobe Japan\Sakai\0,Loma Prieta\Coyote Lake Dam (Downst)\285,Northern Calif-03\Ferndale City Hall\314,Northwest China-02\Jiashi\270,St Elias Alaska\Icy Bay\90,Umbria Marche Italy\Castelnuovo-Assisi\0,scaled_plus_sigma,scaled_minus_sigma,Sa (g),target_plus_sigma,target_minus_sigma
0.001,0.110889,0.0658839,0.0989734,0.115932,0.0884233,0.0696673,0.0939618,0.260668,0.10364,0.105895,0.149859,0.250546,0.0760947,0.170602,0.0963996,0.159289,0.164605,0.166568,0.0658273,0.0480778,0.097195,0.17404096472837005,0.07065216134713596,0.104849694,0.184764005515751,0.05950000002006045
0.01,0.111155,0.0659313,0.0990774,0.116019,0.0884873,0.0697886,0.0940957,0.264507,0.10369,0.106422,0.150307,0.250683,0.0764014,0.171049,0.09661,0.15954,0.165026,0.166682,0.0659277,0.0481633,0.0972917,0.17467753616236859,0.07073281600168219,0.105341138,0.1857489266490942,0.059740616300294286
0.02,0.112543,0.0660411,0.0994842,0.116284,0.0886731,0.0700768,0.0946991,0.288362,0.10408,0.109787,0.15234,0.250681,0.0798326,0.172378,0.0971458,0.160789,0.16663,0.16706,0.0662935,0.0483422,0.0979606,0.17815614250171566,0.07109452793006016,0.105511728,0.18713738787444376,0.05948958074062289
0.03,0.115393,0.0666753,0.0989908,0.116737,0.0890379,0.0706143,0.0956671,0.302737,0.105909,0.120524,0.158039,0.259852,0.0825252,0.190333,0.0968132,0.170224,0.171607,0.1677,0.0674087,0.0487047,0.0974183,0.18537182885356268,0.07183154275032166,0.109126523,0.19540802855020104,0.060942214659364245
0.05,0.1315,0.0798137,0.103517,0.117744,0.0906444,0.0759619,0.121181,0.443066,0.111797,0.149809,0.165888,0.287883,0.0886585,0.330823,0.101654,0.184884,0.187572,0.173225,0.0880102,0.0498009,0.105873,0.22514234612663217,0.07680585326349006,0.124507247,0.22765621248599952,0.06809414241868036
0.075,0.152278,0.0936028,0.127387,0.120216,0.0886592,0.0779938,0.121297,0.437939,0.117864,0.134108,0.197688,0.481971,0.13278,0.474529,0.124622,0.26332,0.225634,0.185687,0.116137,0.0518063,0.108761,0.27824410326920235,0.0833390142380302,0.154546098,0.28780100537735653,0.08298962116448803
0.1,0.181473,0.1562,0.152481,0.1341,0.0989678,0.107792,0.118564,0.765692,0.125019,0.112081,0.253372,0.679259,0.161298,0.424434,0.184678,0.324399,0.25455,0.189607,0.155126,0.0503017,0.130224,0.3504993606303184,0.0939586584973397,0.18717676,0.34984044812189324,0.10014605135621847
0.15,0.241565,0.180992,0.23696,0.133719,0.1228,0.201298,0.164177,0.978678,0.186237,0.189599,0.414231,0.765756,0.185762,0.491693,0.204411,0.320824,0.429685,0.3376,0.162586,0.0694589,0.182865,0.4564424334936141,0.12784448802965295,0.237255436,0.43704190317331715,0.12879804316893426
0.2,0.27269,0.210864,0.221054,0.204179,0.169562,0.150855,0.248337,0.760469,0.258665,0.225047,0.559016,0.609074,0.230086,0.586283,0.128763,0.467068,0.587486,0.30488,0.323063,0.0804179,0.15025,0.49982079233470206,0.14877299472208702,0.273005527,0.4962484474346138,0.15019093391192556
0.25,0.277203,0.207939,0.316299,0.250955,0.346674,0.201881,0.354597,0.779374,0.281294,0.188028,0.373699,0.582365,0.217911,0.519335,0.1234,0.540404,0.259228,0.218322,0.272807,0.0900929,0.186057,0.46814547412702995,0.1641402244725093,0.29116899,0.5277748900891206,0.16063549503710603
0.3,0.283002,0.149006,0.375401,0.331095,0.292804,0.161622,0.469177,0.801336,0.285761,0.28739,0.333067,0.645932,0.193187,0.455365,0.157189,0.59016,0.313584,0.195632,0.202952,0.108453,0.169264,0.4865014902150346,0.1646246385979208,0.299131263,0.547412608484853,0.16345899074491466
0.4,0.261317,0.156412,0.221961,0.384407,0.22445,0.137392,0.177775,0.450534,0.434909,0.338201,0.379988,0.394195,0.17825,0.418709,0.221747,0.402694,0.53301,0.245446,0.112533,0.130333,0.237398,0.41941850067101855,0.16281249963878514,0.279521767,0.5184015877988696,0.1507179377257545
0.5,0.238408,0.124833,0.245019,0.257486,0.212271,0.168528,0.202988,0.329955,0.322874,0.216852,0.265583,0.506567,0.151413,0.311357,0.25029,0.390708,0.446656,0.275198,0.113396,0.129342,0.238194,0.3602029028394693,0.15779543700493445,0.2588528,0.4871856506947326,0.1375343710806966
0.75,0.194627,0.133468,0.337139,0.135072,0.179992,0.180663,0.255194,0.40834,0.281371,0.253484,0.215218,0.226472,0.0866702,0.207691,0.258828,0.265171,0.222977,0.347326,0.0716843,0.0999023,0.123977,0.31294420199863465,0.12104288523985902,0.202730179,0.3934268439639062,0.10446548350204236
1.0,0.157429,0.0966348,0.31548,0.108256,0.0948586,0.164544,0.225157,0.207548,0.210298,0.206832,0.127106,0.191194,0.0954974,0.228954,0.241364,0.197533,0.154735,0.315476,0.0431699,0.128214,0.121997,0.25549927267765016,0.09700180271068136,0.157020093,0.3109213959372852,0.07929756500482772
1.5,0.104899,0.0591214,0.158222,0.0720114,0.0788566,0.0934339,0.105209,0.226333,0.125433,0.16425,0.0745075,0.219686,0.0577361,0.19552,0.10839,0.139847,0.173288,0.238222,0.0185544,0.0977589,0.0509674,0.1966329872840278,0.05596110984727852,0.106452537,0.21301142182021923,0.053199694818715636
2.0,0.0817497,0.0784533,0.129809,0.0506052,0.0864711,0.0618732,0.0832742,0.143897,0.175641,0.107646,0.0821795,0.105042,0.0553534,0.182861,0.075603,0.11775,0.100495,0.109584,0.0109535,0.0714314,0.0424448,0.15081654132552474,0.04431220469156152,0.075857108,0.152293732188217,0.037784226254380784
3.0,0.0458369,0.0315323,0.0399037,0.0339161,0.0521069,0.0260659,0.0496244,0.110545,0.082273,0.147123,0.0675803,0.0678229,0.0318979,0.120651,0.0375919,0.0669083,0.0401368,0.0463928,0.00581415,0.040016,0.0226575,0.09268257135222932,0.022669002067554997,0.04738285,0.09522445726854159,0.023577288214843978
4.0,0.0324691,0.0183911,0.0435786,0.0353948,0.0253037,0.0241257,0.043186,0.147317,0.0433629,0.119363,0.0363739,0.0567919,0.0281799,0.0511557,0.0455313,0.086067,0.029626,0.0194878,0.00291773,0.0167136,0.00905178,0.07772919041478842,0.013563018592940658,0.031261166,0.0621780414684834,0.015717132231881356
5.0,0.0232375,0.0105683,0.0283977,0.017032,0.0178801,0.0165082,0.0392616,0.131529,0.0190596,0.0826063,0.0596996,0.0427343,0.0141237,0.0504274,0.0351824,0.0820758,0.031619,0.0160419,0.00161612,0.00987512,0.00404516,0.06627928156111797,0.008147061849969937,0.022145782,0.04413662967043659,0.011111760550217667
7.5,0.0111333,0.00534571,0.0162458,0.00855817,0.0121184,0.0065015,0.00903294,0.117941,0.00666223,0.0246423,0.0680909,0.0378483,0.0120816,0.0195073,0.0111993,0.0178528,0.0141804,0.00836122,0.000725147,0.00458342,0.00174655,0.03481438339363844,0.003560320672307217,0.01083802,0.021541363326390794,0.005452889668152708
10.0,0.00540445,0.00222635,0.00777936,0.00365357,0.00341943,0.00431511,0.00381604,0.0460616,0.00335368,0.00990181,0.0270892,0.0194061,0.00752476,0.0095926,0.00584006,0.00775575,0.0074246,0.00809373,0.000370225,0.00364475,0.000594946,0.016598339965467585,0.001759698853214638,0.005992477,0.011798854590848977,0.00304349717330868
