Period (s),Median Sa (g),Chi-Chi Taiwan\TCU111\N,Chi-Chi Taiwan\TCU123\N,Chuetsu-oki\Joetsu City\EW,Chuetsu-oki\Mitsuke Kazuiti Arita Town\EW,Chuetsu-oki\Mitsuke Kazuiti Arita Town\NS,Darfield New Zealand\Christchurch Cashmere High School\N10E,Darfield New Zealand\Hulverstone Drive Pumping Station\N04W,Darfield New Zealand\Papanui High School\S33W,Imperial Valley-06\Delta\262,Iwate\Nakashinden Town\NS,Kobe Japan\Fukushima\0,Kobe Japan\Fukushima\90,Kobe Japan\Yae\0,Kocaeli Turkey\Duzce\270,Loma Prieta\Gilroy Array #4\90,Loma Prieta\Hollister Differential Array\255,Loma Prieta\Sunnyvale - Colton Ave.\360,Northern Calif-03\Ferndale City Hall\44,Northridge-01\Canoga Park - Topanga Can\196,St Elias Alaska\Icy Bay\90,scaled_plus_sigma,scaled_minus_sigma,Sa (g),target_plus_sigma,target_minus_sigma
0.001,1.03757,0.452624,0.708341,1.58482,0.667479,0.461904,1.43823,0.689867,1.28376,1.40418,1.06858,0.972607,1.22152,0.834211,2.87522,1.15561,1.91557,1.183,0.8576,2.55273,0.427521,1.770766388499274,0.607957950801392,1.006150548,1.6401940935853483,0.6172067861967475
0.01,1.03958,0.452958,0.708736,1.60043,0.668181,0.46263,1.44063,0.690196,1.2848,1.41223,1.07314,0.974143,1.22291,0.835424,2.87806,1.15763,1.9158,1.18409,0.85869,2.55506,0.428281,1.7749260949836407,0.6088853949775079,1.012401489,1.6517866420396081,0.6205140233267727
0.02,1.04834,0.457368,0.710091,1.65963,0.670924,0.465787,1.45335,0.692791,1.29085,1.42853,1.09443,0.977975,1.23165,0.856592,2.88623,1.16541,1.91764,1.18378,0.864445,2.56561,0.429872,1.7908564350499094,0.6136822215843178,1.02978803,1.6847422267531484,0.6294514198620261
0.03,1.079,0.475851,0.717207,1.86185,0.667597,0.478369,1.52121,0.704966,1.29748,1.60564,1.20004,0.983679,1.2539,0.86348,2.90545,1.17104,1.93769,1.2245,0.869665,2.59714,0.433095,1.8576619600079405,0.6267238200835117,1.031256877,1.6962108036497445,0.6269802928217855
0.05,1.16001,0.483811,0.717797,2.71793,0.698125,0.637429,1.73907,0.744161,1.31575,1.8368,1.21967,1.04846,1.24809,0.845756,2.9578,1.21988,1.94718,1.39289,0.895289,2.8289,0.442843,2.035907419244933,0.6609451821728997,1.110588846,1.8568547756224332,0.6642455840124402
0.075,1.27365,0.508527,0.729078,2.87196,0.859102,0.657719,1.78283,0.784543,1.35278,2.25271,1.51862,1.03973,1.45654,0.966524,3.37596,1.28243,2.31041,1.43261,1.04341,3.21351,0.460675,2.2858816540059337,0.7096536776771335,1.28731132,2.184243355625853,0.7586931329477762
0.1,1.41684,0.593611,0.749358,2.6649,1.02834,0.715889,1.88575,0.83217,1.49611,3.34681,1.89734,1.00861,1.31959,0.898166,3.58182,1.78011,2.45036,1.91838,1.23341,4.13243,0.447296,2.6500620100013954,0.7575051368699645,1.462089165,2.4702854501872173,0.8653674927520565
0.15,1.81375,0.631498,0.859492,2.21072,1.59806,1.00911,2.93817,1.23966,2.55723,3.90763,3.20664,1.03383,1.37509,1.01308,4.91017,2.04687,3.36207,2.68258,1.47783,5.5157,0.617647,3.497262519624346,0.9406468756750231,1.735074304,2.868028448571283,1.0496697973483373
0.2,2.00075,0.609167,1.20448,2.3247,1.4908,1.16727,3.57732,1.72177,2.87435,3.16311,2.81544,1.20251,1.58725,1.00502,5.03796,3.0014,3.26795,4.61874,1.44583,4.98732,0.715097,3.770905318878391,1.0615489448806001,2.015306715,3.2875299235923685,1.2354142015188194
0.25,2.23408,0.603778,1.36764,2.33375,2.13313,1.94648,3.00333,1.87239,2.76093,2.46383,2.03838,1.77609,2.03853,1.41559,7.75907,2.79482,4.65162,3.48256,1.67056,6.38127,0.80113,4.09916998368293,1.2175912358520193,2.256104334,3.6846350382276682,1.3814140920567015
0.3,2.43633,0.837926,1.37626,2.29026,2.53172,1.50763,4.05433,1.90213,3.85203,3.42385,1.85454,1.97322,2.40921,1.61023,9.98273,2.35336,4.95934,3.45258,1.90622,5.04382,0.964394,4.412642907275752,1.3451584444127485,2.509188449,4.164711288674133,1.5117558544134788
0.4,2.6497,1.23578,1.5612,3.0792,1.49691,1.03873,2.73535,2.89491,2.506,3.7176,3.20673,2.23753,2.45767,2.34452,9.55442,3.45624,5.56752,2.56238,2.51675,7.51744,1.15895,4.721659968647918,1.4869580055783833,2.680434291,4.603029834163883,1.5608693072209345
0.5,2.6291,1.31684,1.99364,3.53084,1.65241,0.79503,3.7771,2.14917,2.7959,3.97931,3.19185,2.29923,2.87633,3.00459,5.50443,4.4546,6.32692,2.4958,1.66843,4.80388,1.15014,4.517670940088191,1.5300288360234282,2.678421716,4.724627628729883,1.5184144555893706
0.75,2.37311,0.900359,1.82234,4.38418,2.27367,1.1226,3.3938,1.8729,3.45917,3.15121,2.4557,3.2752,2.68732,2.61404,4.73603,2.10682,4.15411,1.47447,2.28089,3.60532,0.888358,3.8935421869609486,1.4464081295843643,2.463738748,4.5780391920694665,1.32589704101085
1.0,2.0826,0.871864,1.97913,3.06536,2.12761,1.49229,3.19661,1.39982,1.91026,1.54035,1.18273,4.65943,2.97618,2.41594,4.68644,1.81032,3.78,1.64659,1.38911,3.21493,1.14011,3.3666632257147584,1.2882853048300331,2.113571185,4.055088408024427,1.1016241089152092
1.5,1.48491,1.10367,1.58179,2.11739,1.06705,1.03308,1.49299,0.834925,2.21518,1.24148,0.872198,1.48445,2.12508,1.0598,4.27873,2.02911,1.21118,1.13859,2.09104,3.06427,0.869298,2.317662568823937,0.9513713246095494,1.529102806,3.015585741496635,0.7753569593934502
2.0,1.15715,0.643607,1.29012,1.27035,0.875437,0.911613,1.73657,1.16913,1.67949,0.921847,0.955793,0.936259,1.38739,0.874058,2.90641,0.85692,1.03571,1.10007,1.44612,2.47532,0.635187,1.7204279799806066,0.7782924586678097,1.123767519,2.24341913677626,0.5629146226211237
3.0,0.666077,0.870129,0.94362,0.39877,0.269112,0.405753,0.976148,0.547638,0.938359,0.920755,1.40293,0.594123,0.488891,0.357179,0.944428,0.393227,1.03419,1.61463,0.634028,0.878656,0.355833,1.1028535977390608,0.402282379853986,0.691615868,1.3902077320049293,0.34407268630246496
4.0,0.423485,0.691303,0.852711,0.206215,0.293895,0.16098,0.737083,0.288639,0.612206,0.370212,0.852955,0.48937,0.454564,0.57566,0.609493,0.242076,0.509186,0.592007,0.367371,0.467903,0.148622,0.716476962796216,0.2503074830558211,0.421810395,0.8381778756939119,0.2122747623024004
5.0,0.292802,0.679947,0.495042,0.133934,0.191515,0.146222,0.43505,0.126867,0.591578,0.433381,0.249852,0.332106,0.512425,0.273527,0.628997,0.155325,0.439686,0.401452,0.247044,0.275999,0.0878122,0.5339288618971619,0.160570100854583,0.291657395,0.5808622750313853,0.14644441499250369
7.5,0.132795,0.253077,0.264603,0.0752602,0.109562,0.085579,0.329559,0.0443462,0.508865,0.120086,0.0898306,0.165899,0.194754,0.0878525,0.27329,0.070514,0.224533,0.213605,0.0751473,0.0954743,0.040757,0.2648857459696377,0.06657403160916534,0.129137729,0.2567078488766516,0.06496315996668472
10.0,0.0704106,0.279446,0.224157,0.0344328,0.0524643,0.0368955,0.19041,0.0223233,0.201004,0.0781197,0.035154,0.0484922,0.0654425,0.039705,0.160204,0.0574655,0.1161,0.100574,0.0378935,0.0550411,0.0324101,0.14950828659318213,0.03315971780112741,0.072946481,0.14415588449627767,0.03691274281918586
