Period (s),Median Sa (g),Chi-Chi Taiwan-03\TCU076\N,Chi-Chi Taiwan-06\TCU076\E,Chi-Chi Taiwan\CHY042\E,Chi-Chi Taiwan\CHY042\N,Chi-Chi Taiwan\CHY086\E,Chi-Chi Taiwan\TCU088\E,Chuetsu-oki\Joetsu Uragawaraku Kamabucchi\NS,Chuetsu-oki\Kawaguchi\NS,Chuetsu-oki\Sawa Mizuguti Tokamachi\EW,Chuetsu-oki\Tokamachi Matsunoyama\NS,Duzce Turkey\Lamont 1060\E,Iwate\AKT019\EW,Iwate\AKT019\NS,Iwate\IWT010\NS,L'Aquila Italy\Celano\EAST,Loma Prieta\Gilroy Array #6\0,Loma Prieta\San Jose - Santa Teresa Hills\225,Tottori Japan\OKYH07\EW,Tottori Japan\OKYH07\NS,Tottori Japan\SMN015\NS,scaled_plus_sigma,scaled_minus_sigma,Sa (g),target_plus_sigma,target_minus_sigma
0.001,0.743391,0.914066,0.581775,0.447868,0.318979,0.490934,3.61783,1.32023,0.832004,0.716151,0.522431,0.234483,1.04909,0.88675,1.144,0.48074,0.638612,1.47601,0.562924,0.821154,0.916549,1.3462997082125925,0.4104807982278303,0.691377666,1.2470416264416997,0.3833096401180595
0.01,0.749375,0.918274,0.584838,0.447937,0.319739,0.491144,3.68511,1.3324,0.846656,0.716222,0.522818,0.23472,1.06781,0.903426,1.14967,0.487374,0.642088,1.4809,0.573235,0.83051,0.923409,1.361635086110017,0.4124180526438249,0.695215502,1.2521033163750155,0.38601015419429835
0.02,0.774857,1.00462,0.608427,0.44818,0.322145,0.491667,4.07485,1.38018,0.914776,0.717513,0.524096,0.235325,1.13381,0.963755,1.16544,0.490313,0.654018,1.51762,0.609734,0.859919,0.948327,1.4375053525809103,0.4176703546675706,0.776109455,1.4015328359732253,0.4297765066075869
0.03,0.873944,0.987374,0.832783,0.449088,0.324951,0.492966,5.61988,1.51341,1.26077,0.738012,0.527022,0.242288,1.32899,1.1094,1.61708,0.624271,0.67459,1.56469,0.715472,0.91953,1.09348,1.7273682740511196,0.44216287088840955,0.840231513,1.5393482500561397,0.45862851074311606
0.05,1.10392,1.22805,0.848787,0.458861,0.333236,0.496974,7.51688,1.84226,1.38555,0.771428,0.539341,0.239503,2.8315,2.27409,2.40799,0.634778,0.812819,2.10269,1.2913,1.78611,1.22927,2.5239609711400175,0.48282813416467674,1.156344243,2.177664100923675,0.6140212385151993
0.075,1.4296,1.39499,0.878948,0.481106,0.355532,0.535728,11.1899,2.61643,1.65333,1.14851,0.575773,0.307675,3.52315,2.71163,2.65325,0.69378,0.956026,3.85352,3.51114,2.98457,1.69236,3.6639239290092807,0.5578052927951014,1.491815592,2.8771652127804543,0.7735091994886186
0.1,1.57853,1.21661,1.23233,0.548136,0.459401,0.582005,13.5328,3.42641,2.61354,1.59471,0.725661,0.385032,3.36409,2.97952,2.49387,1.34301,1.69811,4.26313,1.17252,1.24222,2.1969,3.757666053512779,0.6631129337772393,1.655847703,3.2130061619381225,0.853353986061599
0.15,1.71009,1.46443,1.71179,0.576768,0.605604,0.81658,7.98947,4.31637,1.93686,2.4221,0.819336,0.690692,3.4629,2.02807,2.46077,1.38175,2.67048,5.48228,0.772474,1.27897,2.02346,3.6050549044657516,0.811196468735441,1.70775801,3.263437735976475,0.8936703123114784
0.2,1.69211,2.59325,1.09686,0.7146,0.94859,0.859806,5.20872,3.37389,2.13868,1.68996,1.50278,0.905056,3.96035,1.95304,3.16568,0.996381,1.78023,4.45011,0.610867,0.725937,3.01678,3.309513735493829,0.8651531557015165,1.624656761,3.0647203164395984,0.8612562708917691
0.25,1.62498,2.94611,1.3091,0.912387,0.853402,1.01862,4.92122,4.33945,1.81043,1.93761,1.27287,0.580493,2.04873,1.3627,2.72886,1.77182,1.76223,3.16712,0.355871,1.0428,3.48157,3.1866605151900735,0.8286292147572865,1.490549088,2.7929380143692364,0.7954836707106063
0.3,1.44336,2.81537,1.34281,1.2071,0.70087,1.36603,2.28304,2.84401,1.64117,1.84308,0.966599,0.637293,1.58511,1.18864,3.116,1.08876,1.48855,2.1703,0.44303,1.24164,2.56472,2.4375945891113004,0.8546491278352919,1.391698659,2.625382138115898,0.7377307590171839
0.4,1.17386,2.32728,0.837542,0.884629,0.929521,1.51089,3.13117,2.37426,1.12124,1.24238,1.24475,0.386292,1.20034,0.697207,3.02815,0.367936,1.27881,3.46544,0.431637,0.80809,1.41985,2.2782952452982226,0.604815070585652,1.156819359,2.198104058551299,0.6088115001430626
0.5,1.03007,1.37158,1.28207,1.01512,0.839427,1.94306,1.49608,1.35287,1.06049,1.1182,1.18269,0.291333,1.03615,0.632966,2.10486,0.302963,1.1592,2.18095,0.275628,1.00825,2.55611,1.9546492412449898,0.542831001343331,1.000162666,1.9236956175111433,0.5200018908159898
0.75,0.747559,1.60948,1.09752,1.60605,0.489068,1.38421,1.51725,0.750833,0.626062,0.989879,1.21637,0.214446,0.673967,0.522185,1.18933,0.16493,0.799577,1.74384,0.191436,0.400421,1.13848,1.5482262997217695,0.3609578642227105,0.7838689,1.5511515258372828,0.39612535729257076
1.0,0.625579,0.935475,0.619232,0.87655,0.5057,0.797715,0.676411,0.568514,0.626308,1.11712,1.09841,0.159441,0.575241,0.774017,1.22822,0.195841,1.00463,1.01968,0.278664,0.186918,1.52777,1.204114379441535,0.32500989268353947,0.614938835,1.2301060074555412,0.30741234373235465
1.5,0.421913,0.644486,0.224496,0.643102,0.276876,0.69218,0.413201,0.352112,0.428322,0.713185,0.952894,0.166114,0.319923,0.342909,0.950688,0.150409,0.608565,0.746124,0.252434,0.143095,0.989842,0.7902332315065321,0.22526334311407473,0.406536177,0.8179207860450792,0.20206316556511436
2.0,0.308594,0.382432,0.181504,0.368772,0.192332,0.413629,0.485646,0.388571,0.280896,0.749774,0.435399,0.103773,0.317463,0.355609,0.665503,0.0691885,0.385275,0.311699,0.258583,0.197354,0.526571,0.5524652287906251,0.17237330400768194,0.300873258,0.6051511389672324,0.14959026192039648
3.0,0.176998,0.208727,0.225653,0.17317,0.122161,0.191778,0.210143,0.232055,0.147649,0.206786,0.222879,0.0751666,0.220833,0.48076,0.444297,0.06856,0.146349,0.14939,0.159319,0.0709323,0.239139,0.2952367075529875,0.10611245554002585,0.199286056,0.4000858731308406,0.0992660195803692
4.0,0.129419,0.116839,0.154669,0.12799,0.148934,0.157873,0.139601,0.116019,0.0931873,0.137694,0.189042,0.0702905,0.111477,0.219418,0.277151,0.0698428,0.152398,0.157973,0.151647,0.0400066,0.167306,0.19932969304869455,0.08402801060305799,0.132307558,0.26312135016384613,0.066529340523005
5.0,0.0953942,0.116328,0.0786708,0.103674,0.143888,0.111415,0.112924,0.0969865,0.075697,0.104338,0.109239,0.0574152,0.0781883,0.0970046,0.108241,0.0598699,0.106579,0.166528,0.112014,0.0421874,0.114481,0.1315590473300608,0.06917086721378735,0.098940737,0.1972164295272426,0.04963719027653791
7.5,0.0511436,0.0882144,0.0230094,0.0684432,0.0508108,0.0716684,0.105166,0.105578,0.0361712,0.0714562,0.0622172,0.0456747,0.0346063,0.0318167,0.0526631,0.0263864,0.0280581,0.136411,0.0491383,0.0282517,0.044695,0.0853080107184575,0.03066145604534729,0.048700482,0.09676234429371591,0.024510949629672762
10.0,0.0253114,0.040182,0.0122713,0.0259136,0.0317571,0.0246462,0.0479864,0.0381057,0.0201061,0.0368688,0.0311088,0.0355805,0.017778,0.0131813,0.0188202,0.0129244,0.0125137,0.0848724,0.0267646,0.0211179,0.0226913,0.04188060731172878,0.01529746130927236,0.029743258,0.058534866161552665,0.015113409399672198
