Period (s),Median Sa (g),Chuetsu-oki\Mitsuke Kazuiti Arita Town\EW,Chuetsu-oki\Mitsuke Kazuiti Arita Town\NS,Chuetsu-oki\Niigata Nishi Kaba District\EW,Chuetsu-oki\Niigata Nishi Kaba District\NS,Chuetsu-oki\Sanjo\EW,Chuetsu-oki\Sanjo\NS,Darfield New Zealand\Hulverstone Drive Pumping Station\N04W,Darfield New Zealand\SBRC\S59W,Imperial Valley-06\Calexico Fire Station\315,Imperial Valley-06\Calipatria Fire Station\225,Imperial Valley-06\El Centro Array #13\140,Kobe Japan\Morigawachi\90,Kobe Japan\Sakai\0,Kobe Japan\Sakai\90,Loma Prieta\Agnews State Hospital\90,Loma Prieta\Coyote Lake Dam (Downst)\285,Northern Calif-03\Ferndale City Hall\314,Tabas Iran\Boshrooyeh\L,Umbria Marche (foreshock) Italy\Colfiorito\270,Umbria Marche Italy\Castelnuovo-Assisi\0,scaled_plus_sigma,scaled_minus_sigma,Sa (g),target_plus_sigma,target_minus_sigma
0.001,0.113849,0.105886,0.0813694,0.108046,0.0820256,0.0634401,0.100309,0.110699,0.164569,0.34603,0.0657582,0.0700842,0.090106,0.207887,0.0957087,0.141715,0.178721,0.192666,0.0509182,0.352521,0.0603806,0.1978038748995075,0.06552750701969325,0.104849694,0.184764005515751,0.05950000002006045
0.01,0.114448,0.105998,0.0814972,0.108126,0.082085,0.0635505,0.100452,0.110752,0.165061,0.346219,0.0659239,0.0703666,0.0903027,0.208214,0.096002,0.141876,0.179178,0.192798,0.0510059,0.379266,0.0604407,0.20037479169753408,0.06536922430727693,0.105341138,0.1857489266490942,0.059740616300294286
0.02,0.11697,0.106433,0.0820534,0.108374,0.0822573,0.0638129,0.101096,0.111168,0.167294,0.346217,0.0695745,0.0735269,0.0908035,0.209844,0.0968728,0.142571,0.18092,0.193235,0.0513054,0.483692,0.0608562,0.20984674774535284,0.065199871082124,0.105511728,0.18713738787444376,0.05948958074062289
0.03,0.122106,0.105905,0.0842698,0.108796,0.0825957,0.0643024,0.102129,0.113122,0.173552,0.358883,0.0771519,0.0760068,0.0904927,0.222157,0.102435,0.143835,0.186324,0.193975,0.0519514,0.741232,0.0605193,0.2323880305417633,0.06415939410149823,0.109126523,0.19540802855020104,0.060942214659364245
0.05,0.128672,0.110748,0.11229,0.109734,0.084086,0.069172,0.129366,0.119411,0.182171,0.397597,0.0679021,0.0816556,0.095017,0.241291,0.130015,0.152435,0.203658,0.200366,0.0553426,0.465699,0.0657715,0.22976534079995858,0.07205822917571642,0.124507247,0.22765621248599952,0.06809414241868036
0.075,0.151752,0.136285,0.115864,0.112039,0.0822445,0.0710223,0.12949,0.125891,0.217093,0.665652,0.0960021,0.122292,0.116486,0.343656,0.149853,0.208162,0.244985,0.21478,0.0667979,0.494916,0.0675657,0.28649113962876016,0.08038178609586644,0.154546098,0.28780100537735653,0.08298962116448803
0.1,0.177972,0.163131,0.126111,0.124977,0.0918072,0.0981568,0.126573,0.133533,0.278243,0.938127,0.112533,0.148557,0.172621,0.423371,0.223373,0.245637,0.27638,0.219315,0.0740372,0.408511,0.0808994,0.3360097692024499,0.09426521395250272,0.18717676,0.34984044812189324,0.10014605135621847
0.15,0.237234,0.25351,0.177765,0.124623,0.113915,0.183305,0.175267,0.198921,0.454892,1.05759,0.140006,0.171089,0.191066,0.418705,0.283213,0.251576,0.466536,0.390495,0.117632,0.487628,0.113601,0.43408483867131076,0.12965200749297587,0.237255436,0.43704190317331715,0.12879804316893426
0.2,0.264913,0.236494,0.205627,0.19029,0.157294,0.137371,0.265112,0.276282,0.613888,0.841194,0.151299,0.211912,0.120357,0.609567,0.35839,0.385716,0.63787,0.352648,0.117465,0.477752,0.0933401,0.5027014575797768,0.1396035291142216,0.273005527,0.4962484474346138,0.15019093391192556
0.25,0.29043,0.338391,0.342893,0.233883,0.321591,0.183836,0.37855,0.300452,0.410381,0.804307,0.176973,0.200698,0.115344,0.705277,0.261108,0.42116,0.28146,0.252529,0.137732,0.84193,0.115585,0.5159931980907918,0.16347034265587013,0.29116899,0.5277748900891206,0.16063549503710603
0.3,0.288726,0.401622,0.265585,0.308572,0.271619,0.147175,0.500869,0.305223,0.365761,0.8921,0.19146,0.177928,0.146926,0.770213,0.278361,0.33258,0.340477,0.226283,0.103273,0.827032,0.105152,0.5372771887484853,0.15515771899823655,0.299131263,0.547412608484853,0.16345899074491466
0.4,0.256344,0.237464,0.182983,0.358258,0.20821,0.125111,0.189783,0.464529,0.417287,0.544424,0.0870681,0.164171,0.20727,0.525553,0.216862,0.251724,0.578721,0.283902,0.103803,0.864579,0.147479,0.4757594134154789,0.13812074860327303,0.279521767,0.5184015877988696,0.1507179377257545
0.5,0.233988,0.262132,0.140053,0.23997,0.196912,0.153464,0.2167,0.344864,0.291652,0.699622,0.0607619,0.139453,0.233949,0.50991,0.154249,0.229036,0.484962,0.318316,0.146879,0.497617,0.147974,0.41765086486614467,0.13109127443456214,0.2588528,0.4871856506947326,0.1375343710806966
0.75,0.18951,0.360687,0.197757,0.125883,0.166969,0.164514,0.272432,0.300534,0.236344,0.312781,0.057358,0.0798244,0.241931,0.346072,0.149497,0.181333,0.242099,0.401745,0.0649579,0.472908,0.0770183,0.35279734323058143,0.10179793240825878,0.202730179,0.3934268439639062,0.10446548350204236
1.0,0.158302,0.337515,0.262883,0.100891,0.0879953,0.149836,0.240366,0.224621,0.139582,0.264058,0.0458677,0.0879543,0.225607,0.257799,0.0958214,0.163546,0.168006,0.364904,0.0788654,0.308596,0.0757882,0.2857369410579293,0.08770137704707742,0.157020093,0.3109213959372852,0.07929756500482772
1.5,0.108501,0.169273,0.181989,0.0671129,0.0731511,0.0850823,0.112316,0.133976,0.0818211,0.30341,0.037613,0.0531757,0.101314,0.182514,0.0785084,0.116504,0.188149,0.275546,0.0694891,0.275666,0.0316625,0.20647459733927373,0.05701653933561516,0.106452537,0.21301142182021923,0.053199694818715636
2.0,0.0827907,0.138876,0.16059,0.0471628,0.0802147,0.0563426,0.0888993,0.187603,0.0902462,0.145074,0.0314466,0.0509812,0.0706671,0.153674,0.0648509,0.135239,0.109114,0.126753,0.0399254,0.0991884,0.026368,0.14644336054226784,0.04680512644007271,0.075857108,0.152293732188217,0.037784226254380784
3.0,0.0453482,0.0426909,0.0714777,0.0316089,0.0483368,0.023736,0.0529765,0.0878763,0.074214,0.0936705,0.0308558,0.0293784,0.0351376,0.0873215,0.0735993,0.102407,0.043579,0.0536616,0.0202739,0.0269989,0.0140756,0.0796925004782399,0.025804928078540058,0.04738285,0.09522445726854159,0.023577288214843978
4.0,0.0305932,0.0466224,0.0283583,0.0329871,0.0234729,0.0219693,0.0461031,0.0463162,0.0399443,0.0784356,0.0163952,0.0259541,0.0425588,0.112325,0.0316681,0.0445069,0.0321668,0.0225411,0.0179581,0.0163306,0.00562325,0.05774569274054897,0.016208029410006212,0.031261166,0.0621780414684834,0.015717132231881356
5.0,0.0229616,0.0303812,0.0257586,0.0158734,0.0165865,0.0150326,0.0419137,0.0203577,0.0655597,0.0590205,0.0199744,0.0130081,0.0328855,0.107116,0.0254919,0.0282631,0.0343307,0.0185554,0.0178741,0.00860175,0.00251298,0.05067710625368435,0.010403811770954634,0.022145782,0.04413662967043659,0.011111760550217667
7.5,0.0108378,0.0173806,0.0150756,0.007976,0.0112416,0.00592036,0.00964311,0.00711598,0.0747746,0.0522725,0.00975824,0.0111273,0.0104681,0.0232996,0.00825701,0.0152192,0.0153965,0.00967125,0.00549273,0.00453637,0.00108501,0.02606425989911663,0.00450647397219903,0.01083802,0.021541363326390794,0.005452889668152708
10.0,0.00538346,0.00832272,0.00649953,0.00340503,0.00317203,0.0039294,0.00407381,0.00358209,0.0297483,0.0268019,0.00939009,0.0069304,0.00545879,0.010122,0.00334161,0.00807592,0.00806135,0.00936186,0.00222731,0.00259607,0.000369599,0.013738035366380899,0.0021095914225495852,0.005992477,0.011798854590848977,0.00304349717330868
