Period (s),Median Sa (g),Chi-Chi Taiwan-03\TCU076\N,Chi-Chi Taiwan-06\TCU076\E,Chi-Chi Taiwan\CHY042\E,Chi-Chi Taiwan\CHY042\N,Chi-Chi Taiwan\CHY086\E,Chi-Chi Taiwan\TCU088\N,Chuetsu-oki\Joetsu Uragawaraku Kamabucchi\NS,Chuetsu-oki\Kawaguchi\NS,Chuetsu-oki\Sawa Mizuguti Tokamachi\EW,Chuetsu-oki\Sawa Mizuguti Tokamachi\NS,Chuetsu-oki\Tokamachi Matsunoyama\NS,Hector Mine\Hector\0,Iwate\AKT019\EW,Iwate\AKT019\NS,Iwate\IWT010\EW,Iwate\IWT010\NS,L'Aquila Italy\Celano\EAST,Loma Prieta\San Jose - Santa Teresa Hills\225,Northridge-01\Lake Hughes #9\0,Tottori Japan\OKYH07\NS,scaled_plus_sigma,scaled_minus_sigma,Sa (g),target_plus_sigma,target_minus_sigma
0.001,1.1336,1.21726,0.796498,0.605442,0.39364,0.678789,4.86716,1.72942,1.10024,0.954591,1.15482,0.728109,1.91288,1.39956,1.17847,2.47435,1.46647,0.496698,1.80566,0.940184,1.09101,2.0219763200842813,0.635541053194152,1.037066499,1.8705624396625495,0.5749644601770894
0.01,1.14184,1.22287,0.800692,0.605536,0.394578,0.67908,4.92357,1.74536,1.11962,0.954686,1.16138,0.728648,1.91488,1.42453,1.20064,2.50631,1.47374,0.503552,1.81165,0.943981,1.10344,2.040608395209546,0.638926404821595,1.042823253,1.878154974562523,0.5790152312914474
0.02,1.17735,1.33785,0.832987,0.605864,0.397547,0.679802,5.27101,1.80795,1.2097,0.956406,1.18911,0.730429,1.91738,1.51257,1.28081,2.62938,1.49396,0.506589,1.85657,0.955844,1.14252,2.1352466143816202,0.6491770145723602,1.164164183,2.1022992548627606,0.6446647601882591
0.03,1.32639,1.31489,1.14015,0.607091,0.401009,0.681599,7.87891,1.98248,1.66724,0.98373,1.20441,0.734507,1.96132,1.77295,1.47437,3.21612,2.07291,0.644993,1.91415,0.97738,1.22172,2.571861526710819,0.6840611027569592,1.26034727,2.309022376000236,0.687942766387592
0.05,1.65384,1.6354,1.16206,0.620303,0.411234,0.687141,9.3002,2.41325,1.83226,1.02827,1.37193,0.751676,2.10418,3.7774,3.02222,4.96812,3.08676,0.655849,2.57231,1.09395,2.37308,3.645224142586173,0.7503480276138713,1.734516364,3.266496150443897,0.9210318575072979
0.075,2.0161,1.8577,1.20335,0.650374,0.438748,0.740724,12.8569,3.42737,2.18637,1.5309,1.86907,0.802451,2.13878,4.70011,3.6037,5.67032,3.40115,0.716809,4.71417,1.25799,3.9654,4.8154473675215055,0.8440875581809267,2.237723388,4.3157478191706815,1.160263799232928
0.1,2.42503,1.62016,1.68716,0.740987,0.566929,0.804709,20.8852,4.48839,3.45615,2.12566,3.07552,1.01135,2.76515,4.48791,3.95973,6.76102,3.19684,1.38759,5.21527,1.97025,1.65045,5.697337129657385,1.03219633436957,2.483771554,4.819509241936983,1.2800309788347195
0.15,2.64556,1.95018,2.34358,0.779693,0.747353,1.12904,9.91896,5.65419,2.56131,3.22853,3.05814,1.1419,5.2137,4.61974,2.69527,6.4994,3.15441,1.42762,6.7067,2.67491,1.69928,5.4781462222977915,1.2776197329512495,2.561637016,4.895156605875662,1.340505468990518
0.2,2.61135,3.45343,1.5017,0.966018,1.17062,1.18881,5.56945,4.41959,2.8282,2.25262,2.81128,2.09441,4.74782,5.28336,2.59555,6.59814,4.05801,1.02945,5.444,3.5841,0.964505,4.991504308646474,1.3661510440224622,2.436985141,4.597080473716208,1.2918844060725958
0.25,2.47407,3.92333,1.79226,1.23339,1.05315,1.40839,4.42694,5.68442,2.39412,2.58273,2.53905,1.77398,4.81422,2.73314,1.811,4.03265,3.49806,1.83064,3.87447,2.47913,1.3855,4.031520369960669,1.518291315233939,2.235823632,4.189407021553854,1.1932255060659094
0.3,2.19296,3.74923,1.83842,1.6318,0.864917,1.88874,3.79929,3.72549,2.17028,2.45673,2.6551,1.34714,3.40401,2.11464,1.57968,4.24548,3.99433,1.1249,2.65502,1.40418,1.64968,3.4745265648884227,1.384094630387272,2.087547989,3.938073208117076,1.1065961387908227
0.4,1.74897,3.09925,1.14666,1.19587,1.14709,2.08903,3.789,3.11014,1.48273,1.65603,1.98197,1.7348,2.74364,1.60134,0.926574,3.4832,3.88173,0.380149,4.23942,0.743262,1.07366,3.2977784448118834,0.9275626340854712,1.735229039,3.2971560887770126,0.9132172504777342
0.5,1.57631,1.82654,1.75526,1.37227,1.03591,2.68657,3.22775,1.77218,1.40239,1.4905,1.75786,1.64831,2.94802,1.38229,0.8412,2.96506,2.69818,0.313019,2.66805,0.68927,1.3396,2.78613316630057,0.8918285910214614,1.500243999,2.885543426266715,0.7800028362239847
0.75,1.17186,2.14335,1.5026,2.17111,0.603541,1.91388,4.04656,0.983548,0.827907,1.31946,1.70374,1.69524,2.23089,0.899116,0.693974,1.81813,1.52458,0.170404,2.13331,0.31514,0.532013,2.5003162655545,0.549232862465681,1.17580335,2.326727288755924,0.5941880359388562
1.0,0.934118,1.24577,0.847779,1.18495,0.624066,1.10296,1.22618,0.744721,0.828233,1.48906,2.40526,1.53085,2.51411,0.767409,1.02865,2.25922,1.57443,0.202342,1.24741,0.161886,0.248346,2.010654899392882,0.43397623241436145,0.922408252,1.845159010183126,0.4611185153485784
1.5,0.626322,0.858263,0.307353,0.869365,0.341682,0.957042,0.729709,0.461246,0.566415,0.950637,1.12456,1.32804,1.77815,0.426797,0.455719,1.99956,1.21867,0.155402,0.912764,0.18705,0.190121,1.3201367594404187,0.2971504617826716,0.609804265,1.2268811780616558,0.30309474809915343
2.0,0.449307,0.509285,0.248494,0.498518,0.23735,0.571904,0.934934,0.509005,0.371458,0.999408,0.770807,0.606812,0.708411,0.423516,0.472598,1.49979,0.853095,0.0714852,0.381314,0.122522,0.262211,0.9252466917553598,0.2181869787245641,0.451309886,0.9077267064395329,0.22438539238340777
3.0,0.267503,0.277962,0.308938,0.234097,0.150754,0.265161,0.498798,0.303978,0.195251,0.275635,0.49904,0.310625,0.45405,0.294606,0.638921,0.805176,0.569535,0.0708358,0.182755,0.0724293,0.0942431,0.5287907422149664,0.1353235775446121,0.298929084,0.6001288096962609,0.1488990293705538
4.0,0.185109,0.155595,0.211755,0.17302,0.183794,0.218283,0.254381,0.151978,0.123231,0.183538,0.337932,0.263467,0.308135,0.148717,0.291603,0.381385,0.355274,0.0721612,0.193255,0.0933714,0.0531542,0.3131047630484848,0.1094373063743331,0.198461337,0.39468202524576923,0.09979401078450752
5.0,0.130529,0.154914,0.107707,0.14015,0.177566,0.154048,0.163886,0.127047,0.100102,0.139077,0.146603,0.152245,0.276273,0.104308,0.128917,0.158813,0.138752,0.0618573,0.203721,0.0861444,0.0560516,0.1897010523364092,0.08981405021826516,0.148411106,0.2958246452875031,0.07445578566564989
7.5,0.0760316,0.117475,0.0315017,0.0925237,0.0627037,0.0990923,0.264732,0.138301,0.0478329,0.0952472,0.11446,0.0867117,0.199948,0.046167,0.0422838,0.0608987,0.0675077,0.0272623,0.166878,0.0431795,0.0375362,0.14284498814806604,0.04046907261855001,0.073050722,0.14514351445368706,0.0367664239412092
10.0,0.038871,0.0535104,0.0168004,0.0350308,0.0391903,0.0340771,0.221719,0.0499162,0.0265884,0.0491441,0.0526801,0.0433561,0.134144,0.0237171,0.0175176,0.0402449,0.0241252,0.0133534,0.103828,0.0212079,0.028058,0.07870104796763253,0.019198659738576956,0.044614887,0.08780229924232899,0.022670114099508296
