Period (s),Median Sa (g),Chi-Chi Taiwan-06\TCU076\E,Chi-Chi Taiwan\CHY042\E,Chi-Chi Taiwan\CHY042\N,Chi-Chi Taiwan\TCU088\E,Chi-Chi Taiwan\TCU088\N,Chi-Chi Taiwan\TCU089\N,Chuetsu-oki\Kawaguchi\NS,Chuetsu-oki\Sawa Mizuguti Tokamachi\EW,Chuetsu-oki\Sawa Mizuguti Tokamachi\NS,Chuetsu-oki\Tokamachi Matsunoyama\NS,Hector Mine\Hector\0,Iwate\AKT019\EW,Iwate\AKT019\NS,Iwate\IWT010\NS,Iwate\Machimukai Town\NS,Iwate\Yuzawa\EW,Loma Prieta\San Jose - Santa Teresa Hills\225,Tottori Japan\OKYH07\NS,Tottori Japan\SMNH10\EW,Umbria-03 Italy\Gubbio\90,scaled_plus_sigma,scaled_minus_sigma,Sa (g),target_plus_sigma,target_minus_sigma
0.001,1.06627,0.710989,0.537602,0.3895,3.35801,4.29616,1.53858,0.92094,0.797396,0.891151,0.607782,1.56811,1.16429,0.986489,1.16934,0.941314,1.23633,1.51754,0.957209,1.27022,0.607133,1.886606244168271,0.6026332820716533,0.996464888,1.7975462396882773,0.5523876110074611
0.01,1.07352,0.714733,0.537686,0.390429,3.42046,4.34595,1.54102,0.937159,0.797475,0.896213,0.608232,1.56975,1.18507,1.00504,1.17513,0.948986,1.24013,1.52257,0.968115,1.27284,0.608394,1.9045256383116855,0.6051087825846304,1.00341856,1.8117168090431588,0.5557429293180932
0.02,1.1065,0.74356,0.537977,0.393366,3.78221,4.65263,1.55801,1.01256,0.798913,0.917613,0.609719,1.5718,1.25831,1.07216,1.19126,0.982023,1.25276,1.56032,1.0024,1.28159,0.622295,1.99478221807127,0.6137723902430819,1.053497146,1.9069121304682404,0.5820175030076615
0.03,1.2423,1.01775,0.539067,0.396792,5.21628,6.95458,1.66516,1.39554,0.821737,0.929419,0.613122,1.60782,1.47492,1.23418,1.6529,0.961574,1.2754,1.60871,1.07189,1.2987,0.671426,2.437447780406715,0.6331660938157542,1.282867325,2.3481301423139223,0.7008762180152769
0.05,1.58292,1.03731,0.550798,0.40691,6.97704,8.20913,2.09233,1.53366,0.858944,1.05869,0.627454,1.72493,3.14242,2.52987,2.46133,1.73498,1.38528,2.16185,2.08204,1.478,0.74133,3.4099077654234335,0.7348104109463668,1.738468639,3.2748905516618825,0.9228623555840129
0.075,2.0141,1.07417,0.5775,0.434135,10.3863,11.3485,2.48453,1.83006,1.2788,1.44232,0.669838,1.75329,3.91002,3.01663,2.71202,2.34639,1.993,3.96194,3.47907,1.8333,1.02105,4.68414520513224,0.8660275530219128,2.192620046,4.230498791788644,1.1364103626391557
0.1,2.37944,1.50603,0.65796,0.560967,12.5609,18.435,2.91652,2.89291,1.77562,2.37332,0.844213,2.26677,3.7335,3.31465,2.54911,2.51308,2.99802,4.38308,1.44804,2.26413,1.13154,5.562213640900945,1.017892349903147,2.412124762,4.6823448513515045,1.2426137015034588
0.15,2.58813,2.09198,0.692329,0.739494,7.41569,8.7553,4.75617,2.1439,2.69688,2.35991,0.953192,4.274,3.84316,2.25618,2.51528,2.8624,3.61736,5.63652,1.49088,4.08408,1.27627,5.2545460027857045,1.2747850895869643,2.439154153,4.662074774347736,1.2761427626242934
0.2,2.45027,1.34048,0.857776,1.15831,4.83465,4.91606,3.96575,2.3673,1.88168,2.16941,1.74829,3.89209,4.39523,2.17271,3.23579,2.91826,2.22293,4.57532,0.846216,5.44208,1.74541,4.370909987547259,1.3735865277493513,2.295026241,4.329336194424342,1.2166173312347588
0.25,2.27367,1.59985,1.09519,1.04208,4.5678,3.90758,6.11443,2.00395,2.15742,1.95934,1.48081,3.94652,2.2737,1.51597,2.7893,2.08291,1.81003,3.25623,1.21558,3.88518,2.47894,3.7258025044486605,1.3875065204683972,2.102477279,3.939135339113546,1.122177921844646
0.3,1.89606,1.64105,1.44896,0.855822,2.11908,3.35357,3.6022,1.8166,2.05217,2.04889,1.12451,2.79048,1.75917,1.32234,3.18501,1.16711,2.15923,2.23136,1.44736,3.45569,1.38608,2.844618742413592,1.2638050470516449,1.975997698,3.727204337810283,1.0475859514574444
0.4,1.74888,1.02356,1.06187,1.13502,2.9063,3.34449,4.06231,1.24109,1.38333,1.52945,1.44811,2.24913,1.33215,0.775626,3.09522,0.763702,4.18606,3.56295,0.941981,3.81031,1.31535,3.137067928829838,0.9749808814439302,1.631841862,3.100347101852591,0.8589063659950927
0.5,1.41441,1.56682,1.21851,1.02501,1.38864,2.84908,3.01235,1.17385,1.24505,1.35651,1.37591,2.41668,1.14992,0.70416,2.15148,0.631849,1.90849,2.24231,1.17531,1.83453,0.657615,2.2230018851713464,0.8999343012009184,1.405171431,2.702549679859806,0.7306088636272597
0.75,1.11623,1.34128,1.92784,0.597194,1.40829,3.57184,2.48643,0.692984,1.10218,1.31475,1.41509,1.8288,0.747975,0.580919,1.21567,0.904596,0.936398,1.7929,0.466766,0.904312,0.530542,1.9189246210289395,0.6493060744782687,1.111845229,2.2002681836361067,0.5618405167351692
1.0,0.870188,0.756765,1.05218,0.617503,0.627834,1.08233,2.22735,0.693257,1.24385,1.8561,1.27786,2.06097,0.638408,0.861076,1.25542,0.83704,0.789479,1.04837,0.217888,0.576052,0.329261,1.538017118331422,0.4923398747118676,0.859504737,1.7194269318801005,0.42964802936851626
1.5,0.578104,0.274357,0.771953,0.338089,0.383526,0.644102,1.63032,0.474108,0.794094,0.867805,1.10857,1.45766,0.355053,0.381478,0.971745,0.750433,0.514512,0.767116,0.166804,0.839418,0.20917,1.0756525539036896,0.3106990576121697,0.563798145,1.1343378510153783,0.2802236988044682
2.0,0.429251,0.221816,0.442659,0.234854,0.450769,0.825251,0.73308,0.310923,0.834833,0.594818,0.506531,0.58073,0.352323,0.395607,0.680244,0.742558,0.475939,0.320468,0.230053,0.596008,0.10726,0.730179817695545,0.2523438974012116,0.413339795,0.8313844047905923,0.20550034995385244
3.0,0.259547,0.275771,0.207867,0.149169,0.195051,0.44028,0.60967,0.163432,0.230245,0.385099,0.259291,0.372214,0.245083,0.534835,0.454138,0.69706,0.521151,0.153593,0.0826849,0.254299,0.0440102,0.5165162778470553,0.13042114662831059,0.27421815,0.5505750362458969,0.13657646794548592
4.0,0.186853,0.189021,0.153633,0.181861,0.129575,0.224538,0.545805,0.103149,0.153314,0.260776,0.219926,0.252598,0.123718,0.244098,0.28329,0.832936,0.25545,0.162418,0.0466353,0.338979,0.029974,0.3911911094165974,0.08925060608117866,0.183305874,0.3645878578970864,0.09216171826651608
5.0,0.126049,0.0961438,0.124447,0.175699,0.104814,0.14466,0.402715,0.0837886,0.116175,0.113131,0.127085,0.226479,0.086774,0.107915,0.110639,0.362093,0.151375,0.171214,0.0491774,0.269928,0.0195221,0.2458581442565808,0.06462405566853505,0.138550063,0.27620632616917445,0.06949920453866246
7.5,0.0656495,0.0281198,0.0821565,0.0620443,0.0976138,0.233674,0.200805,0.0400377,0.0795626,0.0883268,0.0723817,0.16391,0.0384063,0.0353953,0.0538295,0.142335,0.0420008,0.14025,0.0329327,0.131776,0.00378937,0.16522942862088838,0.02608407525356016,0.066946057,0.1330248181845942,0.03369126610365321
10.0,0.0358389,0.0149968,0.0311056,0.0387782,0.0445402,0.195708,0.132115,0.0222554,0.0410514,0.0406522,0.0361911,0.109966,0.0197302,0.0146638,0.019237,0.074601,0.0261748,0.0872604,0.0246169,0.0544547,0.00312187,0.0901767736588622,0.014243432106686063,0.040676813,0.08004621944804867,0.020670596653360174
