Period (s),Median Sa (g),Chi-Chi Taiwan-03\TCU076\N,Chi-Chi Taiwan-06\TCU076\E,Chi-Chi Taiwan\TCU088\N,Chuetsu-oki\Joetsu Uragawaraku Kamabucchi\NS,Chuetsu-oki\Kawaguchi\NS,Chuetsu-oki\Matsushiro Tokamachi\NS,Chuetsu-oki\Tokamachi Matsunoyama\EW,Chuetsu-oki\Tokamachi Matsunoyama\NS,Duzce Turkey\Lamont 531\E,Iwate\AKT019\EW,Iwate\AKT019\NS,Iwate\IWT010\NS,Iwate\Yuzawa Town\EW,Iwate\Yuzawa\EW,Loma Prieta\Gilroy Array #6\0,Loma Prieta\San Jose - Santa Teresa Hills\225,Northridge-01\Lake Hughes #9\0,Tottori Japan\OKYH07\NS,Tottori Japan\SMN015\NS,Tottori Japan\SMNH10\EW,scaled_plus_sigma,scaled_minus_sigma,Sa (g),target_plus_sigma,target_minus_sigma
0.001,0.760695,0.712754,0.441567,3.33365,1.26206,0.637046,0.829351,0.369421,0.384555,0.535455,0.819875,0.73476,1.08468,0.912059,0.94242,0.481046,1.59205,0.382837,0.549956,0.708855,1.23214,1.3135891633571377,0.4405158775412912,0.691377666,1.2470416264416997,0.3833096401180595
0.01,0.766099,0.716035,0.443892,3.37229,1.2737,0.648265,0.829721,0.369684,0.38484,0.536586,0.834505,0.748577,1.09005,0.922709,0.945316,0.483664,1.59733,0.384383,0.556222,0.714161,1.23469,1.3246034415251164,0.44308180048607504,0.695215502,1.2521033163750155,0.38601015419429835
0.02,0.791587,0.783364,0.461796,3.61026,1.31937,0.700423,0.830886,0.370467,0.38578,0.544292,0.886078,0.798566,1.10501,0.97205,0.954944,0.492651,1.63693,0.389214,0.575918,0.733432,1.24318,1.380303651351696,0.4539653126001492,0.776109455,1.4015328359732253,0.4297765066075869
0.03,0.88172,0.769916,0.632082,5.39649,1.44674,0.96534,0.839221,0.371518,0.387934,0.570911,1.03861,0.919245,1.53323,0.999225,0.972199,0.508147,1.6877,0.397983,0.615842,0.84569,1.25977,1.6355125906339751,0.4753434261845969,0.840231513,1.5393482500561397,0.45862851074311606
0.05,1.11677,0.957587,0.644229,6.36997,1.7611,1.06089,0.857852,0.376107,0.397002,0.654101,2.21284,1.8843,2.28313,1.45987,1.05596,0.61227,2.268,0.445451,1.19622,0.950712,1.4337,2.2485950303014692,0.5546464419308048,1.156344243,2.177664100923675,0.6140212385151993
0.075,1.36561,1.08776,0.667121,8.80603,2.50116,1.26592,1.07846,0.464422,0.423819,0.697121,2.75337,2.24685,2.51567,1.00744,1.5192,0.720144,4.15647,0.512247,1.99887,1.30887,1.77835,2.9724758208232243,0.627386321878817,1.491815592,2.8771652127804543,0.7735091994886186
0.1,1.62653,0.948666,0.935336,14.3048,3.27545,2.00112,1.26155,0.56081,0.53415,0.811445,2.62906,2.46883,2.36455,1.28129,2.2853,1.27913,4.59828,0.802274,0.831958,1.69907,2.19626,3.561999025459939,0.7427289625825739,1.655847703,3.2130061619381225,0.853353986061599
0.15,1.86271,1.1419,1.29924,6.79377,4.12621,1.48301,1.95077,1.08593,0.603102,1.09665,2.70629,1.68046,2.33317,1.45358,2.75741,2.01158,5.91327,1.08921,0.856571,1.56494,3.96166,3.538278879178578,0.9806147741823839,1.70775801,3.263437735976475,0.8936703123114784
0.2,1.88814,2.02211,0.832519,3.81467,3.22524,1.63754,2.24292,1.00549,1.10618,1.7852,3.09504,1.61828,3.00152,1.5323,1.69448,1.34099,4.79996,1.45942,0.486186,2.33317,5.27896,3.423382911241509,1.0413888110188367,1.624656761,3.0647203164395984,0.8612562708917691
0.25,1.69819,2.29726,0.993604,3.03213,4.14827,1.3862,2.44172,0.669332,0.936939,1.94006,1.6011,1.12913,2.58735,1.60712,1.37974,1.32743,3.41611,1.00948,0.6984,2.69263,3.76873,2.9471599504737136,0.9785180731831209,1.490549088,2.7929380143692364,0.7954836707106063
0.3,1.54523,2.19532,1.01919,2.60224,2.71871,1.2566,3.10432,0.799397,0.7115,1.67213,1.23877,0.984908,2.95442,2.08353,1.64592,1.12127,2.34092,0.571775,0.831569,1.98354,3.35211,2.6507662962254828,0.9007718848319367,1.391698659,2.625382138115898,0.7377307590171839
0.4,1.33175,1.81473,0.635694,2.59519,2.26966,0.858507,2.43549,0.551249,0.916244,2.08595,0.938078,0.577704,2.87113,1.73103,3.19091,0.963283,3.73789,0.302652,0.541207,1.0981,3.6961,2.805359982689481,0.6322033797600908,1.156819359,2.198104058551299,0.6088115001430626
0.5,1.14287,1.06951,0.973091,2.21078,1.29327,0.811991,1.99887,0.749893,0.870565,1.82079,0.809756,0.524475,1.99572,1.4907,1.45478,0.873187,2.35241,0.280667,0.675263,1.97689,1.77954,1.9936151373630768,0.6551674956820535,1.000162666,1.9236956175111433,0.5200018908159898
0.75,0.763135,1.25501,0.833017,2.77161,0.717754,0.479361,1.37019,0.655053,0.895353,0.670205,0.526711,0.432682,1.12766,1.51313,0.713789,0.602295,1.88093,0.128323,0.268176,0.880497,0.877205,1.5079764757217542,0.3861963615488505,0.7838689,1.5511515258372828,0.39612535729257076
1.0,0.582819,0.729448,0.469996,0.839845,0.543468,0.47955,0.918379,0.569958,0.808525,0.68409,0.449555,0.641349,1.16453,1.02726,0.601797,0.756753,1.09984,0.0659189,0.125186,1.18157,0.558784,1.1855198804321734,0.2865223876609919,0.614938835,1.2301060074555412,0.30741234373235465
1.5,0.431546,0.502546,0.170392,0.499798,0.336599,0.327956,0.579843,0.973948,0.701412,0.502965,0.250022,0.284134,0.901391,1.26465,0.392197,0.458412,0.804781,0.0761657,0.0958359,0.765539,0.814257,0.9117757846724112,0.20425191505048648,0.406536177,0.8179207860450792,0.20206316556511436
2.0,0.287224,0.298206,0.137761,0.640362,0.371452,0.215076,0.24377,0.271201,0.320491,0.142801,0.2481,0.294657,0.630994,0.905778,0.362794,0.290215,0.336203,0.0498904,0.132175,0.407248,0.578143,0.5536304459799494,0.14901208337625957,0.300873258,0.6051511389672324,0.14959026192039648
3.0,0.176246,0.162757,0.171271,0.34164,0.221831,0.113051,0.212107,0.139615,0.164058,0.100912,0.172583,0.398357,0.421258,0.546787,0.397258,0.11024,0.161135,0.0294927,0.0475059,0.184949,0.246676,0.36044044659716695,0.08617970821325732,0.199286056,0.4000858731308406,0.0992660195803692
4.0,0.118591,0.0911065,0.117394,0.174233,0.110908,0.0713514,0.218119,0.0507996,0.139152,0.0651861,0.0871201,0.18181,0.26278,0.297242,0.194722,0.114796,0.170393,0.0380202,0.0267939,0.129394,0.328818,0.23277878881192032,0.06041712542959933,0.132307558,0.26312135016384613,0.066529340523005
5.0,0.0826884,0.0907082,0.0597111,0.11225,0.0927136,0.0579594,0.0912383,0.0277211,0.0804091,0.0943943,0.0611048,0.0803779,0.102629,0.184755,0.115389,0.0802822,0.17962,0.0350775,0.0282544,0.0885391,0.261837,0.14700598881245844,0.04651083639376566,0.098940737,0.1972164295272426,0.04963719027653791
7.5,0.0441231,0.0687862,0.0174641,0.181322,0.100927,0.0276954,0.0850378,0.0217734,0.0457973,0.0669806,0.0270451,0.0263632,0.0499322,0.0434128,0.032016,0.0211353,0.147136,0.0175824,0.0189212,0.0345669,0.127826,0.09256345921241071,0.021032575599216268,0.048700482,0.09676234429371591,0.024510949629672762
10.0,0.0222943,0.0313323,0.0093139,0.151861,0.0364269,0.0153948,0.0427342,0.0122521,0.0228988,0.0310636,0.0138937,0.010922,0.0178443,0.0188334,0.0199523,0.00942614,0.0915448,0.00863574,0.0141434,0.0175494,0.0528224,0.04820260380327341,0.01031138928756887,0.029743258,0.058534866161552665,0.015113409399672198
