Period (s),Median Sa (g),Chi-Chi Taiwan\CHY002\W,Chi-Chi Taiwan\CHY025\N,Chi-Chi Taiwan\TCU111\N,Chi-Chi Taiwan\TCU123\N,Chuetsu-oki\Joetsu City\NS,Chuetsu-oki\Mitsuke Kazuiti Arita Town\EW,Chuetsu-oki\Mitsuke Kazuiti Arita Town\NS,Darfield New Zealand\Hulverstone Drive Pumping Station\N04W,Darfield New Zealand\Hulverstone Drive Pumping Station\S86W,Dinar Turkey\Dinar\180,Imperial Valley-02\El Centro Array #9\180,Imperial Valley-06\Delta\262,Kobe Japan\Fukushima\90,Kobe Japan\Yae\0,Loma Prieta\Agnews State Hospital\90,Loma Prieta\Gilroy Array #4\90,Loma Prieta\Hollister - South & Pine\90,Northern Calif-03\Ferndale City Hall\44,Northridge-01\LA - Century City CC North\360,St Elias Alaska\Icy Bay\90,scaled_plus_sigma,scaled_minus_sigma,Sa (g),target_plus_sigma,target_minus_sigma
0.001,1.12958,0.734352,1.10865,0.519192,0.952881,1.53131,0.751326,0.537301,0.783194,0.788269,2.6747,2.47739,2.63464,1.7612,1.09395,0.996973,1.63056,1.37125,1.16511,1.66297,0.512189,1.8995269513839403,0.6717203856835929,1.006150548,1.6401940935853483,0.6172067861967475
0.01,1.13142,0.73502,1.10981,0.519575,0.953413,1.5347,0.752115,0.538146,0.783568,0.792188,2.67726,2.47874,2.64974,1.76321,1.09554,0.998106,1.63342,1.37258,1.16659,1.66697,0.513099,1.9031710734414213,0.6726201518422782,1.012401489,1.6517866420396081,0.6205140233267727
0.02,1.14058,0.736342,1.11598,0.524633,0.955235,1.55794,0.755203,0.541818,0.786514,0.817235,2.68566,2.48277,2.68032,1.77581,1.1233,1.003,1.64438,1.3775,1.1744,1.67954,0.515006,1.9178023190401199,0.6783403708944962,1.02978803,1.6847422267531484,0.6294514198620261
0.03,1.16752,0.741546,1.15258,0.545835,0.964807,1.63207,0.751458,0.556454,0.800337,0.897163,2.70208,2.48997,3.01262,1.80788,1.13233,1.01189,1.65233,1.38522,1.1815,1.70438,0.518867,1.9727585471870563,0.6909628917049374,1.031256877,1.6962108036497445,0.6269802928217855
0.05,1.25427,0.757637,1.22471,0.554965,0.965602,2.32433,0.785821,0.741477,0.844834,1.11516,2.73993,2.51934,3.44634,1.79951,1.10909,1.07239,1.72125,1.47781,1.21631,1.7513,0.530545,2.1271790877968972,0.7395678351319934,1.110588846,1.8568547756224332,0.6642455840124402
0.075,1.38467,0.780369,1.38907,0.583317,0.980777,1.8181,0.96702,0.765079,0.890679,0.998282,2.9067,3.39439,4.2267,2.10006,1.26746,1.46443,1.80951,1.56746,1.41755,2.50926,0.551909,2.4427558388117725,0.7848967049578872,1.28731132,2.184243355625853,0.7586931329477762
0.1,1.56456,0.795255,1.44518,0.680914,1.00806,1.9715,1.15751,0.832743,0.944749,0.834316,3.5654,5.22225,6.27954,1.9026,1.17781,1.72807,2.51172,1.97441,1.67567,3.24181,0.53588,3.077318602803614,0.795448346287534,1.462089165,2.4702854501872173,0.8653674927520565
0.15,1.96052,0.812356,2.12925,0.724374,1.15621,2.34426,1.7988,1.17382,1.40736,1.41135,6.25298,5.79667,7.33179,1.98262,1.32851,1.76985,2.88813,2.85337,2.00773,3.25755,0.739969,3.8261219486511755,1.0045781922228065,1.735074304,2.868028448571283,1.0496697973483373
0.2,2.20602,1.11782,2.39518,0.698758,1.62031,2.48916,1.67806,1.35781,1.95469,1.67522,7.31581,5.54858,5.93487,2.28852,1.31794,2.71354,4.23496,2.63494,1.96426,3.57435,0.856718,4.130770647293138,1.1781153338999821,2.015306715,3.2875299235923685,1.2354142015188194
0.25,2.51543,1.05615,2.88431,0.692577,1.83979,2.90091,2.40108,2.26421,2.1257,1.39965,8.34712,7.2069,4.62282,2.93917,1.85634,2.96288,3.94348,4.20696,2.26956,3.47624,0.959789,4.7167347176734955,1.3414763525265525,2.256104334,3.6846350382276682,1.3814140920567015
0.3,2.63434,1.42102,2.52817,0.961161,1.85139,2.64514,2.84974,1.75372,2.15945,2.13929,10.0688,5.75993,6.42408,3.47362,2.11158,2.33972,3.32058,3.4218,2.58973,3.05291,1.15539,4.609054213670767,1.5056770681968197,2.509188449,4.164711288674133,1.5117558544134788
0.4,2.80761,1.95361,1.99677,1.41752,2.10017,3.43864,1.68495,1.20828,3.28654,2.51752,8.53124,5.40069,6.97525,3.5435,3.0745,1.77089,4.87674,3.26624,3.41917,2.93688,1.38848,4.8034364441642365,1.641048862357026,2.680434291,4.603029834163883,1.5608693072209345
0.5,2.80496,1.65218,2.2748,1.51051,2.6819,3.81545,1.85998,0.924804,2.43991,1.61422,4.75236,6.51208,7.46627,4.14712,3.94008,1.61128,6.28542,5.36167,2.26667,3.60692,1.37792,5.087315468807547,1.546552528507573,2.678421716,4.724627628729883,1.5184144555893706
0.75,2.5374,1.31637,3.31621,1.03278,2.45146,5.13232,2.55928,1.30584,2.12628,1.8869,5.37176,3.85488,5.91253,3.87461,3.42794,1.27569,2.97272,2.90924,3.09874,2.71986,1.06429,4.32582093842501,1.488364602152062,2.463738748,4.5780391920694665,1.32589704101085
1.0,2.22285,1.61597,2.29885,1.00009,2.66239,2.38536,2.39487,1.73588,1.58919,1.53963,3.4056,4.14372,2.89011,4.29109,3.16815,1.15056,2.55436,2.78671,1.8872,3.08739,1.3659,3.343302718625086,1.4778985148350503,2.113571185,4.055088408024427,1.1016241089152092
1.5,1.60863,1.68448,2.24549,1.26599,2.12787,1.75631,1.20109,1.20171,0.947877,1.22266,2.15327,1.40671,2.32936,3.06396,1.38977,0.819611,2.86307,1.34798,2.84081,1.59946,1.04146,2.3597410420486504,1.0965993432285481,1.529102806,3.015585741496635,0.7753569593934502
2.0,1.23398,1.27877,1.4012,0.738263,1.73551,1.14936,0.985406,1.06042,1.32729,0.801305,2.31296,1.742,1.72964,2.00036,1.1462,0.95141,1.20911,1.08504,1.96464,0.76641,0.760982,1.7469208395361728,0.8716517691805062,1.123767519,2.24341913677626,0.5629146226211237
3.0,0.72013,1.2484,0.750893,0.998101,1.26939,0.64452,0.302917,0.471984,0.621725,1.09516,0.819302,0.921319,1.72759,0.704887,0.468388,0.72044,0.554842,0.882557,0.861369,0.338464,0.426303,1.1318794399352974,0.45816471136682585,0.691615868,1.3902077320049293,0.34407268630246496
4.0,0.466789,0.96656,0.887461,0.792974,1.14709,0.24079,0.330813,0.187257,0.327687,0.888522,0.507075,0.372967,0.69462,0.655395,0.754895,0.313108,0.341568,0.742357,0.499098,0.155234,0.178055,0.861743218090357,0.25285022956589515,0.421810395,0.8381778756939119,0.2122747623024004
5.0,0.332486,1.35396,0.667648,0.779947,0.665946,0.193596,0.215573,0.17009,0.14403,0.61491,0.213938,0.168456,0.813143,0.738819,0.358691,0.198832,0.219163,0.795335,0.335625,0.0971638,0.105203,0.7314477241131071,0.15113443729699216,0.291657395,0.5808622750313853,0.14644441499250369
7.5,0.143195,0.753493,0.457933,0.290297,0.355952,0.154623,0.123325,0.0995481,0.0503455,0.183434,0.058881,0.0573209,0.225314,0.280798,0.115206,0.107068,0.099495,0.339261,0.102093,0.0474293,0.0488287,0.3226642592942939,0.06354843288143074,0.129137729,0.2567078488766516,0.06496315996668472
10.0,0.0754353,0.26282,0.219966,0.320545,0.301543,0.0655956,0.0590546,0.042918,0.0253433,0.0737077,0.0335869,0.0282587,0.146574,0.0943557,0.0520673,0.0568145,0.0810836,0.146353,0.0514808,0.0222737,0.0388287,0.17334040761151992,0.032828378359667704,0.072946481,0.14415588449627767,0.03691274281918586
