Period (s),Median Sa (g),Chi-Chi Taiwan\CHY036\N,Chi-Chi Taiwan\TCU111\N,Chi-Chi Taiwan\TCU123\N,Chuetsu-oki\Mitsuke Kazuiti Arita Town\EW,Chuetsu-oki\Mitsuke Kazuiti Arita Town\NS,Darfield New Zealand\Christchurch Cashmere High School\N10E,Darfield New Zealand\Hulverstone Drive Pumping Station\N04W,Darfield New Zealand\Hulverstone Drive Pumping Station\S86W,Dinar Turkey\Dinar\90,Imperial Valley-06\Delta\262,Kobe Japan\Fukushima\90,Kobe Japan\Morigawachi\90,Kobe Japan\Yae\0,Loma Prieta\Agnews State Hospital\90,Loma Prieta\Gilroy Array #4\90,Loma Prieta\Hollister Differential Array\165,Loma Prieta\Hollister Differential Array\255,Northern Calif-03\Ferndale City Hall\44,Northwest China-03\Jiashi\270,St Elias Alaska\Icy Bay\90,scaled_plus_sigma,scaled_minus_sigma,Sa (g),target_plus_sigma,target_minus_sigma
0.001,0.694056,0.929409,0.333753,0.558213,0.478616,0.352744,0.953645,0.499885,0.503547,2.11278,0.932891,0.912441,0.392937,0.666353,0.635499,0.90934,1.11619,1.44105,0.679235,1.11805,0.28844,1.1677074357182038,0.4125294713394711,0.670767032,1.093462729056899,0.4114711907978317
0.01,0.695288,0.931215,0.333999,0.558525,0.479119,0.353298,0.955237,0.500123,0.506051,2.11606,0.938239,0.913481,0.393795,0.667322,0.636221,0.910932,1.11807,1.44122,0.680098,1.12114,0.288953,1.1698585794471914,0.4132340536173521,0.674934326,1.101191094693072,0.4136760155511819
0.02,0.701036,0.937273,0.337251,0.559592,0.481086,0.355709,0.96367,0.502004,0.522052,2.12671,0.949068,0.92001,0.395979,0.684231,0.639339,0.917048,1.12393,1.4426,0.684655,1.13204,0.290026,1.1786939010569122,0.4169458014971698,0.686525354,1.1231614855927716,0.41963428031551325
0.03,0.717242,0.95573,0.35088,0.5652,0.4787,0.365318,1.00867,0.510826,0.57311,2.1421,1.06673,0.936624,0.394623,0.689732,0.645006,0.921479,1.12894,1.45768,0.68879,1.1565,0.292201,1.2074322799382804,0.42605792068959447,0.687504585,1.1308072029814296,0.41798686208384933
0.05,0.768076,0.951692,0.356749,0.565665,0.50059,0.486787,1.15312,0.539227,0.712364,2.23204,1.22031,0.932288,0.414353,0.675574,0.683571,0.959913,1.14433,1.46483,0.709085,1.48707,0.298778,1.2943975927816094,0.45576470866902696,0.740392564,1.2379031837482888,0.4428303893416268
0.075,0.867051,1.37087,0.374975,0.574555,0.616019,0.502282,1.18214,0.568488,0.637704,2.25272,1.49662,1.08799,0.507976,0.772042,0.933471,1.00913,1.16701,1.73808,0.826403,2.08548,0.310809,1.5102701160010694,0.4977768073644832,0.858207547,1.4561622376494852,0.5057954221616383
0.1,0.961575,1.71384,0.437713,0.590536,0.737369,0.546705,1.25039,0.602999,0.532962,2.53083,2.2235,0.985696,0.752773,0.717439,1.10152,1.40075,1.23163,1.84336,0.976886,2.05728,0.301782,1.731065796440432,0.5341371093613526,0.97472611,1.6468569667914783,0.5769116618347042
0.15,1.20377,1.93435,0.46565,0.677329,1.14589,0.770628,1.94821,0.89827,0.901574,3.26603,2.59609,1.02715,0.833206,0.809233,1.12815,1.61066,1.52415,2.52922,1.17047,2.39349,0.416714,2.1370861707076982,0.6780551167106853,1.156716203,1.912018966265179,0.6997798651005485
0.2,1.35118,2.24797,0.449184,0.949201,1.06898,0.891415,2.37201,1.24761,1.07013,4.77272,2.10146,1.18563,0.524855,0.802795,1.72969,2.36177,1.82737,2.45842,1.14513,2.79981,0.482462,2.5445868139619003,0.7174789173561033,1.34353781,2.1916866157282455,0.823609467679213
0.25,1.5459,2.38841,0.44521,1.07778,1.52956,1.48648,1.99141,1.35676,0.894099,7.6421,1.63688,1.52272,0.502996,1.13075,1.88863,2.19922,2.52173,3.49932,1.32311,3.39929,0.540507,3.0752655800352158,0.7771058296606155,1.504069556,2.456423358818445,0.920942728037801
0.3,1.70628,2.60424,0.617864,1.08457,1.81537,1.15134,2.6883,1.3783,1.36659,8.38258,2.27469,1.79961,0.64072,1.28622,1.4914,1.85184,2.11714,3.73081,1.50976,3.90916,0.650657,3.24489360487276,0.8972224648685093,1.672792299,2.7764741918961606,1.0078372360748233
0.4,1.7371,2.40838,0.911229,1.23031,1.07336,0.793251,1.81373,2.09768,1.6082,4.59298,2.46985,1.83581,0.903868,1.87276,1.12882,2.71969,2.48885,4.18833,1.99331,2.53049,0.781924,2.9199166055398917,1.0334255451936314,1.786956194,3.0686865561092556,1.0405795381472898
0.5,1.72748,3.02803,0.971005,1.5711,1.18486,0.607143,2.50448,1.55731,1.03116,4.26732,2.64371,2.14853,1.02021,2.40001,1.02708,3.50528,1.88741,4.75961,1.32143,2.12935,0.775978,3.0725587981058964,0.9712384193394854,1.785614477,3.1497517518986022,1.0122763035372782
0.75,1.61996,3.54585,0.663901,1.43611,1.63034,0.857298,2.25033,1.35713,1.20536,2.63498,2.09355,2.00735,1.05502,2.08805,0.81316,1.65784,3.30047,3.12506,1.80651,2.42501,0.599357,2.737454455055128,0.9586535391498053,1.642492499,3.0520261286657,0.8839313608532882
1.0,1.37263,1.26734,0.64289,1.55967,1.5256,1.13962,2.11957,1.01432,0.983516,3.88116,1.02335,2.22312,0.983832,1.92981,0.733399,1.42453,1.43695,2.84362,1.1002,1.99233,0.769212,2.185615773947971,0.8620513904402539,1.409047457,2.7033922726558166,0.7344160727838777
1.5,0.952289,1.12406,0.813817,1.24654,0.765131,0.788938,0.989953,0.604996,0.781035,2.78717,0.824797,1.58737,0.441813,0.84655,0.522444,1.59669,1.27424,0.911143,1.65614,0.909906,0.586498,1.485011150780126,0.6106717374105907,1.019401871,2.0103904949884654,0.5169046397646556
2.0,0.736565,0.727964,0.474579,1.01669,0.627732,0.696174,1.15147,0.847162,0.511875,2.73031,0.612443,1.03634,0.308167,0.698182,0.606456,0.674303,1.10508,0.779144,1.14535,0.447298,0.428548,1.182461411993254,0.4588124345727869,0.749178346,1.4956127578508398,0.3752764150807491
3.0,0.435801,0.742071,0.64161,0.743627,0.192967,0.309863,0.647254,0.396825,0.699593,1.07347,0.611718,0.365187,0.153229,0.285308,0.45923,0.309427,0.582909,0.778002,0.502162,0.197081,0.240073,0.7523455430418188,0.2524405352800013,0.461077246,0.9268051560100106,0.22938179119997068
4.0,0.286905,0.66491,0.509749,0.671985,0.210737,0.122936,0.488737,0.209151,0.567589,0.459366,0.245956,0.339546,0.185591,0.459827,0.199584,0.190487,0.326586,0.383051,0.290965,0.0918237,0.100272,0.524439540527517,0.1569570420685719,0.28120693,0.558785250462608,0.14151650820160028
5.0,0.196078,0.526103,0.501375,0.390122,0.137326,0.111666,0.288468,0.0919294,0.392806,0.21596,0.287924,0.382766,0.143408,0.218488,0.126741,0.122224,0.192247,0.330767,0.195663,0.050412,0.0592452,0.3851078940257511,0.09983327446782793,0.194438264,0.38724151801531764,0.0976296103297432
7.5,0.0861683,0.438708,0.186612,0.208523,0.0785617,0.0653544,0.218521,0.0321337,0.117178,0.0757382,0.0797807,0.145475,0.0456497,0.070175,0.068248,0.0554869,0.122393,0.168912,0.059518,0.0195716,0.0274979,0.18601240417701057,0.03991656340199951,0.086091819,0.1711385652551474,0.043308773143438714
10.0,0.0467352,0.128633,0.206056,0.176649,0.0376195,0.0281761,0.126255,0.0161757,0.0470846,0.0353163,0.0519,0.0488837,0.0238048,0.0317156,0.0362152,0.0452191,0.0768081,0.0873396,0.0300123,0.0106167,0.0218664,0.10271330165529537,0.0212648107288974,0.048630987,0.09610392233878948,0.02460849504411558
