Period (s),Median Sa (g),Chi-Chi Taiwan-03\TCU076\N,Chi-Chi Taiwan-06\TCU076\E,Chi-Chi Taiwan-06\TCU076\N,Chi-Chi Taiwan\CHY042\E,Chi-Chi Taiwan\CHY042\N,Chi-Chi Taiwan\TCU088\N,Chi-Chi Taiwan\TCU089\N,Chuetsu-oki\Kawaguchi\NS,Chuetsu-oki\Sawa Mizuguti Tokamachi\EW,Chuetsu-oki\Sawa Mizuguti Tokamachi\NS,Chuetsu-oki\Tokamachi Matsunoyama\NS,Hector Mine\Hector\0,Iwate\AKT019\EW,Iwate\AKT019\NS,Iwate\IWT010\NS,Iwate\Yuzawa\EW,L'Aquila Italy\Celano\EAST,Loma Prieta\San Jose - Santa Teresa Hills\225,Tottori Japan\OKYH07\EW,Tottori Japan\OKYH07\NS,scaled_plus_sigma,scaled_minus_sigma,Sa (g),target_plus_sigma,target_minus_sigma
0.001,0.704275,0.766129,0.539466,0.459927,0.412943,0.247666,3.06437,1.07542,0.692411,0.600776,0.726846,0.458205,1.20414,0.880841,0.74166,0.923056,1.02174,0.312469,1.1366,0.512164,0.752421,1.2200704779667582,0.40653657684725497,0.664309925,1.1983641591908771,0.3682584071535249
0.01,0.709339,0.769656,0.542306,0.460847,0.413007,0.248256,3.09988,1.07712,0.704605,0.600836,0.730975,0.458544,1.2054,0.896559,0.755608,0.927628,1.02488,0.316781,1.14037,0.521545,0.760994,1.2296115069690279,0.4092038941318023,0.668945706,1.2078112048250762,0.37049528584282915
0.02,0.732906,0.842027,0.564179,0.486973,0.413231,0.250124,3.31864,1.089,0.761295,0.601919,0.748429,0.459665,1.20697,0.951967,0.806066,0.940358,1.03532,0.318692,1.16864,0.554753,0.787941,1.2817767156529734,0.419067688058571,0.702331431,1.271274754248853,0.38801166885592847
0.03,0.833451,0.827572,0.772219,0.632437,0.414068,0.252303,4.96057,1.1639,1.04924,0.619116,0.758059,0.462231,1.23463,1.11584,0.927879,1.30477,1.05403,0.405761,1.20489,0.650957,0.842563,1.5301130678635806,0.4539798946824835,0.855244884,1.565420096096199,0.46725081237440835
0.05,1.06699,1.0293,0.787059,0.92334,0.423079,0.258736,5.85542,1.46247,1.15309,0.647148,0.863494,0.473036,1.32456,2.37739,1.902,1.94293,1.14484,0.41259,1.61917,1.17486,1.63661,2.171561730567684,0.5242621676715518,1.158979093,2.1832603684025145,0.6152415705662911
0.075,1.37162,1.16921,0.815027,1.15494,0.443589,0.276047,8.0947,1.73661,1.37594,0.963479,1.1764,0.504989,1.34634,2.95811,2.26795,2.14082,1.64708,0.45094,2.96739,3.19453,2.73475,3.0990869102110454,0.6070631379201566,1.461746697,2.8203325272159536,0.7576069082533408
0.1,1.55238,1.01971,1.14271,1.53979,0.505392,0.356694,13.1493,2.03856,2.17504,1.33779,1.93574,0.63645,1.74063,2.82456,2.49201,2.01222,2.47766,0.872923,3.28281,1.06679,1.13824,3.3593188733218007,0.7173727041925708,1.608083175,3.121563234881393,0.828409134507357
0.15,1.61477,1.22742,1.5873,1.05688,0.531792,0.470212,6.24499,3.32442,1.6119,2.03189,1.9248,0.718609,3.28197,2.90753,1.69624,1.98551,2.9895,0.898104,4.22161,0.702818,1.17192,3.267252872492222,0.7980656088339569,1.626102769,3.1080498502022733,0.8507618419239259
0.2,1.52605,2.17354,1.01709,1.22355,0.658875,0.736518,3.50653,2.77194,1.77986,1.4177,1.76943,1.31803,2.9887,3.32519,1.63348,2.55428,1.8371,0.647623,3.4268,0.555784,0.665174,2.819142322479969,0.8260769894197304,1.530017494,2.8862241296162283,0.8110782208231726
0.25,1.43938,2.46929,1.21389,0.98547,0.841239,0.662611,2.7872,4.2738,1.50667,1.62545,1.59809,1.11638,3.0305,1.72016,1.13974,2.20182,1.49587,1.15164,2.43883,0.323781,0.955515,2.5963755813350775,0.7979642079882203,1.40165152,2.626090227324743,0.7481186149189245
0.3,1.29707,2.35972,1.24515,0.821196,1.11297,0.54418,2.39204,2.51783,1.36581,1.54616,1.67113,0.847767,2.14278,1.33089,0.994158,2.51419,1.78446,0.707668,1.67123,0.403081,1.13771,2.1794724989880487,0.771925585517207,1.317331799,2.4848028925022683,0.6983906344816814
0.4,1.12671,1.95062,0.776632,0.853418,0.815646,0.721712,2.38556,2.83943,0.933119,1.04223,1.24746,1.09172,1.72709,1.00783,0.58313,2.44332,3.45949,0.239149,2.66856,0.392715,0.740451,2.2602871926978603,0.5616434177927473,1.087894575,2.0668980685350298,0.5726042441721757
0.5,0.95575,1.1496,1.18883,0.680286,0.935963,0.65176,2.0322,2.10554,0.88256,0.938052,1.1064,1.0373,1.85574,0.86997,0.5294,1.69834,1.57723,0.196919,1.67943,0.250774,0.923859,1.7956518319428771,0.5087055554147418,0.936780954,1.801699786573204,0.48707257575150653
0.75,0.709675,1.34899,1.0177,0.261745,1.48081,0.379729,2.54772,1.73794,0.521022,0.830406,1.07234,1.06683,1.40432,0.565877,0.436745,0.959629,0.773868,0.1072,1.34284,0.174174,0.366905,1.6022883717421113,0.3143245713487963,0.741230153,1.466845456417049,0.37456034465855365
1.0,0.594958,0.784073,0.574198,0.181805,0.808197,0.392643,0.772004,1.55685,0.521227,0.937149,1.51388,0.963375,1.5826,0.482984,0.647372,0.991007,0.65245,0.127292,0.785199,0.253537,0.171272,1.2326095850932173,0.28717529544217385,0.573003158,1.1462846212534004,0.2864320195790109
1.5,0.39483,0.540179,0.208169,0.188193,0.592953,0.214976,0.459426,1.13954,0.356459,0.598288,0.707804,0.835747,1.11932,0.268614,0.286802,0.767078,0.425208,0.0977623,0.574551,0.229672,0.131118,0.7919666580561748,0.19684001506152116,0.37586543,0.7562252340102522,0.18681579920297878
2.0,0.283679,0.320537,0.168304,0.147599,0.340015,0.149333,0.588635,0.512401,0.233768,0.628982,0.485149,0.381872,0.445937,0.266548,0.297425,0.536972,0.39333,0.0449709,0.240023,0.235266,0.180835,0.5310957457959035,0.15152404378687218,0.275559863,0.5542562691899341,0.13700023313684478
3.0,0.177863,0.174946,0.209242,0.0650674,0.159667,0.09485,0.314044,0.426141,0.122876,0.173472,0.314097,0.195479,0.28582,0.185416,0.402099,0.358488,0.430695,0.0445624,0.115037,0.144952,0.0649951,0.34483105140998205,0.09174129371367927,0.1828121,0.3670500241639313,0.09105097863032395
4.0,0.123015,0.0979291,0.143421,0.0387452,0.118009,0.115638,0.160158,0.381501,0.0775524,0.115511,0.212695,0.165802,0.193968,0.0935983,0.183517,0.223624,0.211112,0.0453962,0.121647,0.137973,0.036658,0.22508954462780026,0.06722964520641266,0.122203916,0.24305857193139094,0.061441145511010715
5.0,0.0877979,0.0975009,0.0729494,0.0346205,0.0955898,0.111719,0.103183,0.281486,0.0629966,0.0875287,0.0922723,0.0958091,0.173911,0.0656485,0.0811328,0.0873363,0.125101,0.038914,0.128235,0.101914,0.0386562,0.1441005878361263,0.053493683545387104,0.092366709,0.18413755144396593,0.04633280319298097
7.5,0.0472152,0.0739373,0.021336,0.0155404,0.063106,0.0394512,0.166676,0.140357,0.0301024,0.0599443,0.0720416,0.0545684,0.125865,0.0290561,0.0266108,0.042492,0.0347108,0.0171505,0.105043,0.0447073,0.025887,0.09426027836456036,0.023650207168050913,0.044630704,0.0886832107983662,0.022460843733595536
10.0,0.0253878,0.0336787,0.0113789,0.00769015,0.0238928,0.0246573,0.139594,0.0923446,0.0167327,0.0309291,0.033157,0.0272844,0.084442,0.0149268,0.0110245,0.0151854,0.0216317,0.00840056,0.0653558,0.0243512,0.0193503,0.056057656625441765,0.011497811853724105,0.027117875,0.05336414564274622,0.013780397599517925
