Period (s),Median Sa (g),Chi-Chi Taiwan-03\TCU076\N,Chi-Chi Taiwan-06\TCU076\E,Chi-Chi Taiwan\CHY042\E,Chi-Chi Taiwan\CHY042\N,Chi-Chi Taiwan\CHY086\E,Chi-Chi Taiwan\TCU088\N,Chuetsu-oki\Tokamachi Matsunoyama\NS,Duzce Turkey\Lamont 1060\E,Duzce Turkey\Lamont 1060\N,Duzce Turkey\Lamont 531\N,Iwate\AKT019\NS,Iwate\IWT010\NS,L'Aquila Italy\Celano\EAST,L'Aquila Italy\Fiamignano\EAST,L'Aquila Italy\Sulmona\EAST,L'Aquila Italy\Sulmona\NORTH,Loma Prieta\San Jose - Santa Teresa Hills\225,Tottori Japan\OKYH07\EW,Tottori Japan\OKYH07\NS,Tottori Japan\SMNH10\EW,scaled_plus_sigma,scaled_minus_sigma,Sa (g),target_plus_sigma,target_minus_sigma
0.001,0.0590251,0.0805703,0.0612654,0.0476583,0.0368449,0.051402,0.240712,0.0546079,0.036264,0.0213414,0.0872619,0.0881475,0.0843219,0.0596995,0.0208267,0.0389926,0.0294759,0.119703,0.0624547,0.08883,0.0944376,0.106939235130098,0.032578897967350806,0.056464636,0.10205853535232438,0.031239475538288566
0.01,0.0593773,0.0809412,0.061588,0.0476657,0.0369327,0.051424,0.243501,0.0546484,0.0363007,0.0214232,0.087567,0.0898052,0.0847396,0.0605234,0.0209629,0.0391843,0.0295364,0.1201,0.0635986,0.089842,0.0946327,0.1077863469136243,0.03270974345308619,0.056723446,0.10260873411728776,0.031357460491005275
0.02,0.0608082,0.0885521,0.0640721,0.0476916,0.0372106,0.0514787,0.260685,0.054782,0.0363942,0.0217317,0.0885948,0.0958022,0.0859025,0.0608884,0.0211965,0.0396989,0.0296037,0.123077,0.0676481,0.0930234,0.0952835,0.11202528987929414,0.03300716464312798,0.057923223,0.10500650685105692,0.0319513510478609
0.03,0.0670798,0.087032,0.0876985,0.0477882,0.0375347,0.0516148,0.389662,0.0550878,0.037471,0.0227689,0.0932328,0.11028,0.119192,0.0775237,0.022714,0.0414943,0.0303525,0.126895,0.0793794,0.099472,0.0965551,0.13229165005838922,0.034013481319901735,0.06474942,0.11881152179242786,0.03528687560841929
0.05,0.0805122,0.108246,0.0893839,0.0488281,0.0384918,0.0520345,0.459954,0.0563755,0.0370404,0.0259683,0.0928303,0.226056,0.177488,0.0788284,0.0235524,0.0444966,0.0347758,0.170526,0.143265,0.193216,0.109886,0.17923068618212792,0.03616687793212487,0.082815009,0.15620104461824846,0.04390704129048343
0.075,0.102371,0.122961,0.0925601,0.0511953,0.0410671,0.0560921,0.635854,0.0601836,0.0475835,0.0347428,0.114392,0.26955,0.195566,0.0861554,0.0316358,0.0585947,0.0364699,0.312517,0.38955,0.322861,0.136302,0.25392157750644634,0.041271883011730064,0.102364651,0.19754239646123095,0.05304441963884083
0.1,0.113233,0.107238,0.129774,0.058328,0.0530649,0.0609374,1.0329,0.0758509,0.0595472,0.0444782,0.117751,0.29618,0.183818,0.166778,0.0519342,0.0903155,0.0432128,0.345736,0.130087,0.134379,0.168333,0.251532106824092,0.050974455908989844,0.113205857,0.21951538643522542,0.05838117440066582
0.15,0.121901,0.129082,0.180264,0.0613748,0.0699527,0.085498,0.490555,0.0856424,0.106819,0.0509012,0.159664,0.201601,0.181378,0.171589,0.0477065,0.0685142,0.0513317,0.444607,0.0857035,0.138355,0.303641,0.24365888622604906,0.060986299458063276,0.120451069,0.22994600789281328,0.06309507243111485
0.2,0.126142,0.228582,0.115508,0.0760417,0.109571,0.0900238,0.275444,0.15708,0.139972,0.0609056,0.235804,0.194142,0.233335,0.123733,0.0433753,0.0686778,0.0465451,0.360899,0.0677738,0.0785297,0.404606,0.24606537594723024,0.06466494565823172,0.120033823,0.22600633919194404,0.06375094926766064
0.25,0.122164,0.259684,0.137858,0.0970886,0.0985756,0.106652,0.21894,0.133048,0.0897763,0.0618472,0.365662,0.13546,0.201138,0.22003,0.0356647,0.0718914,0.0499299,0.25685,0.0394828,0.112807,0.288854,0.2392744942293439,0.06237205910336331,0.114852076,0.21496580774208773,0.06136324422968749
0.3,0.119804,0.248161,0.141408,0.12845,0.0809567,0.143027,0.187899,0.101035,0.0985607,0.0636302,0.254999,0.118157,0.229674,0.135205,0.0379934,0.0834076,0.0674541,0.176009,0.0491528,0.134317,0.256923,0.20761140228927566,0.069133960166606,0.109176548,0.205417415956674,0.05802584253961373
0.4,0.103011,0.205138,0.0881997,0.0941349,0.107368,0.158194,0.18739,0.13011,0.0597421,0.0497368,0.200268,0.069306,0.223199,0.0456912,0.0447202,0.0640114,0.0639488,0.281044,0.0478888,0.0874168,0.283288,0.19376125921914786,0.05476464265231909,0.092898981,0.17614901271526515,0.04899386342169639
0.5,0.0867401,0.120898,0.135012,0.108021,0.0969613,0.203443,0.159633,0.123623,0.0450561,0.0325565,0.140714,0.0629201,0.155145,0.0376227,0.0368955,0.0594286,0.0633234,0.176873,0.0305801,0.10907,0.136393,0.1603814902415763,0.046912177562866704,0.081385155,0.15635032090333512,0.042363478476447045
0.75,0.0682515,0.141867,0.115577,0.170903,0.0564917,0.14493,0.200128,0.127143,0.0331652,0.0323765,0.0682986,0.0519079,0.0876629,0.0204814,0.0387662,0.0513853,0.0691956,0.141424,0.0212392,0.0433163,0.0672334,0.13566497288854565,0.03433655093917985,0.062549062,0.12350522375653547,0.03167789214156874
1.0,0.0504514,0.0824574,0.0652099,0.0932751,0.0584129,0.0835228,0.0606423,0.114813,0.0246583,0.0285403,0.0408825,0.0769412,0.0905293,0.0243201,0.037041,0.0383586,0.0436994,0.0826947,0.0309169,0.0202202,0.0428281,0.0848804246010927,0.029987406094187152,0.048322131,0.09654726792475997,0.024185338379547585
1.5,0.0347521,0.0568082,0.0236411,0.0684335,0.0319816,0.072473,0.0360887,0.0996027,0.0256903,0.025323,0.0272167,0.0340869,0.0700732,0.0186782,0.0154427,0.0200581,0.0215201,0.0605099,0.0280068,0.0154796,0.0624087,0.06145855233518338,0.01965077940370911,0.033890989,0.06815541907412216,0.016852645776397716
2.0,0.025696,0.0337094,0.0191138,0.0392417,0.0222161,0.043308,0.0462384,0.0455108,0.016049,0.0251324,0.0112,0.0353494,0.0490529,0.00859201,0.0110269,0.0241546,0.0250184,0.0252784,0.028689,0.0213492,0.0443118,0.042922764995539105,0.015383082056074962,0.026436891,0.05322414368586509,0.013131431665127806
3.0,0.0152513,0.0183982,0.023763,0.0184274,0.0141107,0.0200796,0.0246687,0.0232968,0.0116249,0.0165817,0.0100095,0.0477901,0.0327482,0.00851397,0.00581498,0.0107183,0.0070989,0.0121154,0.0176759,0.00767324,0.0189065,0.02609184322376631,0.008914745872692097,0.018541897,0.03727999528019036,0.00922215632739891
4.0,0.0122074,0.0102988,0.0162878,0.0136196,0.0172032,0.0165297,0.0125807,0.0197599,0.0108708,0.0230301,0.0108198,0.0218113,0.0204282,0.00867327,0.00599253,0.00457585,0.00495547,0.0128115,0.0168248,0.0043278,0.0252023,0.02111459115102031,0.0070577078047186804,0.013207476,0.02627093841289172,0.0066399387623312205
5.0,0.00882943,0.0102537,0.00828464,0.0110322,0.0166203,0.0116654,0.00810521,0.0114183,0.00887956,0.0156493,0.00688157,0.00964276,0.00797825,0.00743481,0.00350149,0.0034376,0.00487241,0.0135053,0.0124277,0.00456371,0.0200685,0.014418952108039562,0.005406692077257996,0.010113183,0.02015561305806925,0.005074341827104229
7.5,0.00530999,0.00777565,0.00242307,0.00728315,0.0058691,0.00750387,0.0130927,0.00650335,0.00706383,0.0232986,0.00805448,0.00316274,0.00388168,0.00327674,0.00154493,0.00204404,0.00202959,0.0110628,0.00545174,0.00305619,0.00979722,0.010756443302684184,0.00262131199009471,0.005558948,0.011048818749228499,0.0027968512804920236
10.0,0.00277785,0.00354184,0.00129226,0.00275751,0.00366823,0.00258052,0.0109654,0.0032517,0.00550271,0.0109977,0.0048517,0.00131029,0.0013872,0.00160499,0.00105471,0.000866571,0.00118727,0.00688307,0.00296945,0.00228447,0.00404858,0.005879620665703151,0.0013124062012216874,0.003395414,0.006685381698041208,0.0017244843678520113
