Period (s),Median Sa (g),Chi-Chi Taiwan\TCU111\E,Chi-Chi Taiwan\TCU111\N,Chi-Chi Taiwan\TCU123\E,Chi-Chi Taiwan\TCU123\N,Chuetsu-oki\Joetsu City\NS,Chuetsu-oki\Mitsuke Kazuiti Arita Town\EW,Chuetsu-oki\Mitsuke Kazuiti Arita Town\NS,Chuetsu-oki\Niigata Nishi Kaba District\NS,Chuetsu-oki\Sanjo\NS,Imperial Valley-06\Delta\262,Iwate\Nakashinden Town\NS,Kobe Japan\Fukushima\90,Kobe Japan\Yae\0,Kocaeli Turkey\Duzce\180,Loma Prieta\Gilroy Array #4\90,Loma Prieta\Hollister - South & Pine\90,Northern Calif-03\Ferndale City Hall\44,Northwest China-03\Jiashi\270,St Elias Alaska\Icy Bay\90,Umbria Marche Italy\Colfiorito\0,scaled_plus_sigma,scaled_minus_sigma,Sa (g),target_plus_sigma,target_minus_sigma
0.001,0.707542,0.529996,0.376286,0.657161,0.565238,0.907907,0.525599,0.406821,0.497228,0.537276,1.29848,1.02034,1.2028,0.6467,1.62064,1.01951,0.858156,0.657019,1.2521,0.315366,0.678802,1.108569796302158,0.4515869757897945,0.67930584,1.1065363565960558,0.4170278016690252
0.01,0.708713,0.530351,0.376564,0.657229,0.565554,0.909913,0.526151,0.407461,0.497588,0.538042,1.30593,1.0247,1.20417,0.64764,1.62153,1.02129,0.858988,0.657855,1.25556,0.315927,0.680433,1.1110131759316204,0.45208655239198847,0.691310826,1.1126982063457447,0.4295060919656978
0.02,0.714111,0.535867,0.38023,0.65817,0.566634,0.923693,0.528311,0.410241,0.498632,0.541492,1.321,1.04502,1.21278,0.66405,1.62558,1.02815,0.862067,0.662263,1.26776,0.3171,0.678982,1.1207993470430333,0.45499180711194714,0.691877249,1.1168333102145207,0.42861734450941547
0.03,0.735083,0.548418,0.395596,0.661512,0.572313,0.967643,0.525691,0.421323,0.500684,0.547027,1.48477,1.14587,1.23468,0.66939,1.63292,1.03312,0.866898,0.666262,1.29516,0.319478,0.776311,1.1665913714940976,0.46318447923796763,0.696097385,1.1440036763456154,0.4235577030238932
0.05,0.807127,0.549729,0.402213,0.693902,0.572784,1.37808,0.54973,0.561414,0.509718,0.692914,1.69853,1.16461,1.22896,0.655649,1.72723,1.07621,0.924841,0.685893,1.66537,0.326668,1.01992,1.3191409771847282,0.4938471364291282,0.748871689,1.250962941711514,0.4483016945477523
0.075,0.880076,0.552683,0.422761,0.687581,0.581786,1.07794,0.67649,0.579285,0.498554,0.693578,2.08313,1.45007,1.43422,0.749272,1.85258,1.13139,0.980945,0.799375,2.33552,0.339823,1.34402,1.513333734385194,0.511806317521007,0.866795707,1.4693554848547843,0.5113363004514077
0.1,0.964867,0.647395,0.493495,0.697549,0.597969,1.16889,0.809752,0.630518,0.556522,0.677952,3.09488,1.8117,1.29937,0.696279,2.01576,1.57045,1.23563,0.944936,2.30394,0.329953,1.14345,1.7199358420983963,0.5412808460071269,0.983543886,1.6534809066151883,0.5850436928650381
0.15,1.21737,0.718211,0.524993,0.730588,0.685853,1.3899,1.25837,0.888769,0.690539,0.938769,3.61348,3.0619,1.35402,0.785366,2.49015,1.8058,1.78569,1.13218,2.68046,0.455615,2.0548,2.2339979747591,0.6633800628488968,1.16591246,1.9256726108080802,0.7059101618591436
0.2,1.3386,0.674572,0.506428,1.00072,0.961147,1.47581,1.17391,1.02807,0.953494,1.42,2.92501,2.68835,1.56293,0.779117,2.7347,2.64791,1.649,1.10767,3.1355,0.5275,2.0557,2.3555689524452452,0.760686694456528,1.354268091,2.2075493506628825,0.830804557891337
0.25,1.55444,0.755536,0.501948,1.20201,1.09134,1.71994,1.6797,1.71436,1.94944,2.0276,2.27836,1.94637,2.00728,1.0974,2.98788,2.46566,2.63279,1.27984,3.80685,0.590963,1.27685,2.6297120464456762,0.9188396565570187,1.518061798,2.477271619879666,0.9302619882509837
0.3,1.65627,0.880901,0.696605,1.19978,1.09822,1.56829,1.99357,1.32784,1.64652,2.68277,3.16612,1.77082,2.37228,1.24829,3.45857,2.07619,2.14143,1.46038,4.37786,0.711397,1.4018,2.728644828550055,1.0053453216766564,1.690678586,2.8035847817550863,1.0195497206863715
0.4,1.67894,0.901703,1.02736,1.5451,1.2458,2.03875,1.17873,0.91486,1.26214,1.01652,3.43776,3.06198,2.42001,1.81753,5.49295,3.04918,2.04407,1.92812,2.83389,0.854916,0.850517,2.8913676974821647,0.9749156172888966,1.810369538,3.1059907980331642,1.055198832589503
0.5,1.74101,1.32432,1.09475,1.40361,1.59087,2.26216,1.30117,0.700221,1.19366,1.16069,3.67976,3.04777,2.83224,2.32923,3.42852,3.92995,3.35543,1.27821,2.38465,0.848415,0.818698,3.0053330824648823,1.0085789950490185,1.811713083,3.1928679390868298,1.0280112919584499
0.75,1.61163,1.26953,0.748509,1.47516,1.45418,3.04293,1.79038,0.988726,1.01214,1.45921,2.914,2.34485,2.64613,2.02647,2.55643,1.85869,1.82066,1.74742,2.71576,0.655308,0.87418,2.5564052927984355,1.0160170080295607,1.673208196,3.1066677848891597,0.9011667358766074
1.0,1.39666,1.38305,0.72482,1.37713,1.5793,1.41427,1.67536,1.31433,0.533415,1.28745,1.4244,1.12934,2.93057,1.87289,2.25685,1.59711,1.74398,1.06422,2.2312,0.841018,1.54343,2.0718370386102825,0.9415118656766731,1.437427085,2.7559466409755338,0.7497230149420516
1.5,0.98928,0.694406,0.91753,2.60868,1.26223,1.04131,0.840238,0.909886,0.443432,0.601588,1.14803,0.832828,2.09251,0.821582,1.27947,1.79013,0.843592,1.60197,1.019,0.641248,0.544214,1.5587093308975142,0.6278751907108128,1.04109226,2.052384721870019,0.5281042497940361
2.0,0.734354,0.930724,0.535059,1.22499,1.02948,0.681452,0.689353,0.802901,0.48625,0.476164,0.852454,0.912649,1.36613,0.67759,1.59249,0.755996,0.679038,1.10789,0.500927,0.468553,0.247759,1.139860540692011,0.47310682146133837,0.764875734,1.5266469605439539,0.38321557215401464
3.0,0.442213,0.98127,0.723377,1.0868,0.752985,0.382133,0.211909,0.357366,0.293011,0.283754,0.851445,1.33961,0.481398,0.276893,0.830979,0.346915,0.552321,0.485738,0.22071,0.262484,0.0858938,0.8727810010392987,0.22405659281782977,0.470624379,0.9458753783658619,0.23416119202910998
4.0,0.292366,0.817107,0.574711,0.580828,0.680442,0.142763,0.231424,0.141783,0.14229,0.246939,0.342344,0.814453,0.447598,0.446265,1.0491,0.213565,0.464581,0.281448,0.102833,0.109633,0.0370584,0.6906308408743101,0.12376782630759517,0.28667237,0.5695929903362638,0.14428030034727196
5.0,0.200565,0.478557,0.56527,0.31366,0.395031,0.114782,0.150806,0.128785,0.100545,0.224499,0.400758,0.238573,0.504571,0.212044,0.590064,0.137031,0.497736,0.189264,0.0564562,0.0647757,0.0230855,0.4823159434905453,0.08340242483771126,0.198071381,0.39443205225735833,0.09946522283551378
7.5,0.0929918,0.384775,0.210394,0.299755,0.211147,0.0916754,0.0862736,0.0753735,0.0681448,0.0516506,0.111046,0.0857757,0.191769,0.0681053,0.37351,0.0622092,0.212316,0.0575714,0.0219182,0.0300649,0.0093413,0.2429846608375582,0.03558856282298853,0.087620317,0.1741612923326675,0.044081666186284105
10.0,0.0488641,0.23494,0.232316,0.125674,0.178872,0.0388913,0.0413123,0.0324956,0.0192284,0.0218202,0.0722391,0.0335671,0.0644395,0.0307802,0.224457,0.0506975,0.0915902,0.0290307,0.0118896,0.0239077,0.00541724,0.13688524889380524,0.01744307942678589,0.049529893,0.09788261124971777,0.025062779479113277
