Period (s),Median Sa (g),Chi-Chi Taiwan-03\TCU076\N,Chi-Chi Taiwan-06\TCU076\E,Chi-Chi Taiwan-06\TCU076\N,Chi-Chi Taiwan\CHY042\N,Chi-Chi Taiwan\TCU088\N,Chi-Chi Taiwan\TCU089\N,Chi-Chi Taiwan\TCU138\W,Chuetsu-oki\Joetsu Yasuzukaku Yasuzuka\EW,Chuetsu-oki\Kawaguchi\NS,Chuetsu-oki\Sawa Mizuguti Tokamachi\NS,Hector Mine\Hector\0,Iwate\AKT019\EW,Iwate\AKT019\NS,Iwate\Machimukai Town\NS,Iwate\Yuzawa Town\EW,Loma Prieta\San Jose - Santa Teresa Hills\225,Loma Prieta\San Jose - Santa Teresa Hills\315,Manjil Iran\Abbar\L,Tottori Japan\OKYH07\EW,Tottori Japan\OKYH07\NS,scaled_plus_sigma,scaled_minus_sigma,Sa (g),target_plus_sigma,target_minus_sigma
0.001,0.702824,0.59269,0.467013,0.403433,0.18548,2.19184,0.911785,0.755804,0.771299,0.566436,0.558869,0.973782,0.682589,0.611073,0.592085,0.737817,0.949285,1.00115,2.07567,0.465435,0.694956,1.2019127256510926,0.4109795698422398,0.664309925,1.1983641591908771,0.3682584071535249
0.01,0.708332,0.595419,0.469472,0.40424,0.185922,2.21725,0.913227,0.75755,0.772532,0.576412,0.562043,0.974799,0.69477,0.622564,0.596911,0.746433,0.952434,1.00805,2.08612,0.47396,0.702874,1.2112799753329833,0.414218209201446,0.668945706,1.2078112048250762,0.37049528584282915
0.02,0.735647,0.651406,0.488407,0.427157,0.18732,2.37371,0.923299,0.765862,0.774623,0.622789,0.575464,0.97607,0.737707,0.664138,0.617691,0.786347,0.976047,1.02865,2.12285,0.504138,0.727763,1.2567626700351406,0.4306115398811679,0.702331431,1.271274754248853,0.38801166885592847
0.03,0.814342,0.640224,0.668506,0.554753,0.188952,3.54814,0.986794,0.769579,0.789149,0.858343,0.582868,0.998438,0.8647,0.764503,0.604828,0.80833,1.00632,1.05113,2.19327,0.591564,0.778214,1.43068184626788,0.46352226715808315,0.855244884,1.565420096096199,0.46725081237440835
0.05,1.12473,0.796281,0.681353,0.809924,0.19377,4.18819,1.23994,0.77343,0.929174,0.943298,0.663937,1.07116,1.84231,1.56711,1.0913,1.18097,1.35233,1.40426,4.31715,1.06767,1.51161,2.163945134352894,0.5845885613353551,1.158979093,2.1832603684025145,0.6152415705662911
0.075,1.44368,0.904523,0.705565,1.01307,0.206734,5.78988,1.47237,1.12846,1.21627,1.1256,0.904526,1.08878,2.29233,1.86862,1.47588,0.814975,2.47837,2.03958,4.67209,2.90307,2.52589,3.005236927376738,0.6935266645413221,1.461746697,2.8203325272159536,0.7576069082533408
0.1,1.60526,0.788863,0.989235,1.35066,0.267132,9.40529,1.72837,1.17628,2.01609,1.77932,1.48838,1.40764,2.18884,2.05323,1.58072,1.03651,2.74181,3.29162,4.71069,0.969457,1.05131,3.320966108827494,0.7759367554972701,1.608083175,3.121563234881393,0.828409134507357
0.15,1.61198,0.949549,1.37411,0.927059,0.352146,4.46684,2.81857,1.33896,1.1408,1.31863,1.47997,2.65411,2.25313,1.39757,1.80045,1.17588,3.52589,2.63335,7.72964,0.638694,1.08241,3.244619990254434,0.8008578903553616,1.626102769,3.1080498502022733,0.8507618419239259
0.2,1.53697,1.68149,0.880493,1.07326,0.551586,2.50811,2.35016,1.54807,1.55323,1.45604,1.36051,2.41695,2.57679,1.34587,1.83558,1.23957,2.86206,2.00941,6.46111,0.505075,0.614373,2.8326932734598143,0.8339331346011727,1.530017494,2.8862241296162283,0.8110782208231726
0.25,1.42209,1.91029,1.05086,0.864423,0.496236,1.9936,3.62349,1.67558,2.90038,1.23256,1.22876,2.45075,1.333,0.939058,1.31015,1.30009,2.03691,1.94409,4.65151,0.29424,0.882539,2.713186082480138,0.7453745915766191,1.40165152,2.626090227324743,0.7481186149189245
0.3,1.24876,1.82552,1.07792,0.720327,0.407541,1.71095,2.13471,1.72657,2.19332,1.11732,1.28492,1.73286,1.03135,0.819112,0.734113,1.68548,1.39581,1.77087,4.30148,0.366305,1.05082,2.234867760953742,0.6977600933911708,1.317331799,2.4848028925022683,0.6983906344816814
0.4,1.10469,1.50904,0.672326,0.748591,0.540497,1.70632,2.40738,2.51673,1.84225,0.763351,0.959165,1.39669,0.781,0.480456,0.480367,1.40033,2.22878,1.64485,4.05634,0.356885,0.6839,2.1449725446985877,0.5689303572281773,1.087894575,2.0668980685350298,0.5726042441721757
0.5,0.943247,0.88935,1.02917,0.596725,0.488109,1.45356,1.78516,1.6416,1.74917,0.72199,0.850709,1.50073,0.674165,0.436186,0.397432,1.20591,1.40266,1.85195,2.3845,0.227894,0.853301,1.7494595284774805,0.5085655818418966,0.936780954,1.801699786573204,0.48707257575150653
0.75,0.725017,1.0436,0.88102,0.229594,0.284383,1.8223,1.47349,1.16291,1.34081,0.426229,0.824518,1.13567,0.438515,0.359846,0.56899,1.22406,1.12154,0.975158,2.49012,0.158282,0.338883,1.5298287849384469,0.3436003136195072,0.741230153,1.466845456417049,0.37456034465855365
1.0,0.595476,0.606572,0.49708,0.159474,0.294054,0.55219,1.31996,1.37994,1.179,0.426397,1.16402,1.27984,0.374279,0.533386,0.526497,0.831013,0.655798,1.0713,1.3192,0.230404,0.158192,1.1952887723993304,0.29665774059286115,0.573003158,1.1462846212534004,0.2864320195790109
1.5,0.375495,0.417892,0.180211,0.165077,0.160998,0.328613,0.966149,0.786569,0.313455,0.291606,0.544228,0.905192,0.208157,0.236304,0.472022,1.02305,0.479865,0.687891,0.696158,0.208717,0.121104,0.731864330207056,0.19265386931087336,0.37586543,0.7562252340102522,0.18681579920297878
2.0,0.27794,0.247973,0.1457,0.129469,0.111837,0.421032,0.434433,0.691591,0.182525,0.191237,0.373029,0.360627,0.206556,0.245056,0.467068,0.732736,0.200467,0.312607,0.628303,0.213801,0.167024,0.4862443440340553,0.15887206616965724,0.275559863,0.5542562691899341,0.13700023313684478
3.0,0.17609,0.135341,0.18114,0.057075,0.0710341,0.224625,0.361299,0.468626,0.124561,0.100521,0.241508,0.231141,0.143685,0.331299,0.43845,0.442327,0.0960793,0.119809,0.370051,0.131727,0.0600312,0.34691098788356745,0.08938225995426527,0.1828121,0.3670500241639313,0.09105097863032395
4.0,0.124056,0.0757596,0.124158,0.033986,0.0866022,0.114556,0.323451,0.631914,0.0555956,0.0634429,0.163541,0.156861,0.0725321,0.151205,0.523916,0.240456,0.1016,0.0655812,0.325175,0.125385,0.0338583,0.2814466971056329,0.05468137055530571,0.122203916,0.24305857193139094,0.061441145511010715
5.0,0.0874691,0.0754284,0.063152,0.030368,0.0836677,0.0738035,0.238654,0.315189,0.046987,0.0515353,0.0709477,0.140641,0.050873,0.0668473,0.227756,0.149459,0.107102,0.050939,0.202694,0.0926154,0.0357039,0.16925011447133156,0.045204362069166795,0.092366709,0.18413755144396593,0.04633280319298097
7.5,0.0472666,0.0571992,0.0184705,0.0136315,0.0295454,0.119218,0.119,0.178683,0.0377965,0.0246257,0.0553925,0.101786,0.0225165,0.0219254,0.0895282,0.0351191,0.0877322,0.0401186,0.103127,0.0406283,0.0239099,0.09902862155739653,0.022560462222177936,0.044630704,0.0886832107983662,0.022460843733595536
10.0,0.02579,0.0260544,0.00985062,0.00674555,0.0184661,0.0998474,0.0782933,0.0833018,0.0221515,0.0136885,0.0254943,0.0682879,0.0115672,0.0090834,0.0469239,0.0152354,0.0545852,0.0260275,0.0365307,0.0221294,0.0178724,0.05682593478772647,0.011704587042599019,0.027117875,0.05336414564274622,0.013780397599517925
