Period (s),Median Sa (g),Chuetsu-oki\Sanjo Shinbori\EW,Darfield New Zealand\Christchurch Cashmere High School\N10E,Darfield New Zealand\LRSC\N49W,Darfield New Zealand\Papanui High School\S33W,El Mayor-Cucapah\El Centro - Imperial & Ross\90,El Mayor-Cucapah\El Centro Array #10\230,El Mayor-Cucapah\RIITO\90,Imperial Valley-02\El Centro Array #9\270,Imperial Valley-06\Calexico Fire Station\225,Imperial Valley-06\Chihuahua\12,Imperial Valley-06\Delta\262,Imperial Valley-06\El Centro Array #13\140,Loma Prieta\Agnews State Hospital\90,Northridge-01\LA - Baldwin Hills\90,Northridge-01\LA - Century City CC North\90,Northridge-01\Northridge - 17645 Saticoy St\90,Northridge-01\Sun Valley - Roscoe Blvd\0,Northwest China-02\Jiashi\0,Superstition Hills-02\Poe Road (temp)\360,Tabas Iran\Boshrooyeh\L,scaled_plus_sigma,scaled_minus_sigma,Period (s),Sa (g),Unnamed: 2
0.001,0.0702357,0.0741111,0.0541783,0.0829542,0.0523334,0.0581482,0.0624646,0.0637463,0.0635395,0.0886076,0.0841851,0.0613561,0.0612769,0.0659613,0.0880112,0.0837664,0.0775694,0.0759943,0.0912547,0.0710928,0.0638051,0.08335151028045099,0.059183733298795234,0.001,0.067944,
0.01,0.0705125,0.0745806,0.0542688,0.0833189,0.0523757,0.0582925,0.0626163,0.0651218,0.0635761,0.0887549,0.0843669,0.0617079,0.0615238,0.0660363,0.0884751,0.0838827,0.0780679,0.0764194,0.0913645,0.0712635,0.0639151,0.08367439352317922,0.05942095839478861,0.01,0.068446,
0.02,0.0716315,0.0770148,0.0547479,0.0847758,0.0526226,0.0587781,0.0628167,0.0697196,0.0636834,0.0894103,0.0861103,0.0624201,0.0642869,0.0663599,0.0899753,0.0842452,0.0800656,0.0775591,0.0915995,0.0721853,0.0642903,0.08505643023669326,0.060325501293333854,0.02,0.069947,
0.03,0.0751511,0.0854083,0.0573043,0.0924192,0.0528926,0.0600579,0.0644316,0.0856331,0.0638673,0.0906179,0.0924935,0.0701586,0.0664552,0.0669481,0.0926375,0.0849574,0.0869161,0.0792151,0.0923315,0.0765201,0.0650998,0.09017243245619731,0.06263208918039839,0.03,0.07313,
0.05,0.0866386,0.0903384,0.065511,0.115436,0.0536376,0.0755117,0.0660102,0.143536,0.064675,0.0962001,0.0891299,0.0802594,0.0713941,0.0709509,0.0944578,0.09825,0.0963504,0.102507,0.145332,0.103996,0.0693493,0.1129202078135062,0.06647390361127364,0.05,0.085351,
0.075,0.108728,0.119472,0.0671595,0.124468,0.0551473,0.116797,0.07051,0.199719,0.0689513,0.113104,0.12579,0.0984325,0.106924,0.0968892,0.159766,0.114442,0.144168,0.115968,0.194666,0.118108,0.0837038,0.15262491120618568,0.07745641186994434,0.075,0.10577,
0.1,0.125531,0.130228,0.0710367,0.114679,0.06099,0.174414,0.0905264,0.177769,0.0956574,0.183255,0.126101,0.14624,0.129888,0.114332,0.161524,0.125004,0.182114,0.159093,0.17238,0.115744,0.0927753,0.17219003817857473,0.0915153520359736,0.1,0.127622,
0.15,0.153136,0.132087,0.110681,0.149441,0.104247,0.14933,0.0997047,0.160439,0.123281,0.136063,0.123154,0.170745,0.149589,0.117096,0.18837,0.200817,0.197051,0.204948,0.371262,0.178975,0.147404,0.20708232415882502,0.11324305244910314,0.15,0.158637,
0.2,0.179103,0.166908,0.134758,0.181682,0.117175,0.116809,0.129802,0.14676,0.155356,0.202092,0.182555,0.138213,0.185282,0.179532,0.166899,0.298113,0.232571,0.281768,0.393548,0.217536,0.147195,0.24632728027472778,0.13022465304380285,0.2,0.176429,
0.25,0.179163,0.240042,0.113136,0.204661,0.112551,0.126506,0.12343,0.166361,0.163576,0.238902,0.262637,0.107658,0.175477,0.196029,0.191422,0.285852,0.215059,0.255047,0.203535,0.178353,0.172591,0.24162984909502103,0.13284526183011813,0.25,0.182344,
0.3,0.174931,0.218058,0.152727,0.233324,0.157031,0.136526,0.186641,0.190654,0.130738,0.189561,0.173338,0.149606,0.155568,0.1548,0.245067,0.193551,0.220551,0.177385,0.190319,0.171715,0.12941,0.21062864581372384,0.14528344253830908,0.3,0.181569,
0.4,0.158403,0.158405,0.103041,0.208033,0.102159,0.117103,0.19663,0.183712,0.172506,0.226987,0.179453,0.162441,0.14354,0.117165,0.181687,0.169563,0.181501,0.16769,0.17072,0.168649,0.130075,0.19829710148379948,0.1265349327914908,0.4,0.166485,
0.5,0.15233,0.126031,0.142284,0.123956,0.113977,0.142916,0.19008,0.177042,0.156287,0.201342,0.155619,0.173877,0.121928,0.106605,0.144715,0.133465,0.153599,0.199595,0.204631,0.15049,0.184053,0.18537859996008388,0.1251731802106415,0.5,0.152186,
0.75,0.111623,0.0834229,0.127845,0.15452,0.141015,0.133638,0.162919,0.104166,0.130786,0.111045,0.14759,0.137693,0.069793,0.0844015,0.106132,0.105387,0.106975,0.116606,0.103341,0.0838524,0.0813982,0.14178036316653514,0.08788025260144701,0.75,0.114187,
1.0,0.0856935,0.0817318,0.120417,0.123785,0.0778731,0.0971588,0.111903,0.0970544,0.0840629,0.0593276,0.0874873,0.0673058,0.0769013,0.0761228,0.0582803,0.086662,0.0683975,0.0999533,0.090518,0.0857808,0.0988256,0.10563365009904005,0.06951739275661681,1.0,0.086048,
1.5,0.0529218,0.0610267,0.056241,0.0551717,0.0903034,0.0374614,0.0355939,0.0349042,0.0573667,0.0331444,0.0616445,0.0542468,0.0464932,0.0542268,0.0522936,0.0695349,0.0778731,0.0439229,0.051165,0.0420059,0.0870761,0.07066909525813295,0.039631424528781975,1.5,0.056593,
2.0,0.0412627,0.0379997,0.0654169,0.0510965,0.0684656,0.0280011,0.0263278,0.029309,0.0686747,0.0199069,0.0371152,0.0402803,0.0445745,0.0629469,0.0470715,0.0475979,0.0401929,0.0301411,0.0354902,0.0394216,0.0500302,0.05788202829082703,0.029415182251998323,2.0,0.039882,
3.0,0.0241853,0.0176013,0.0367717,0.0287589,0.0382529,0.0187495,0.0148343,0.0131134,0.0325606,0.018444,0.0159468,0.0402326,0.0256865,0.0476655,0.0251816,0.0268294,0.0240409,0.0229388,0.0143918,0.0280934,0.0254051,0.034918682828805774,0.016751168391938017,3.0,0.024057,
4.0,0.0156303,0.0199816,0.0277661,0.012149,0.024957,0.0150338,0.0189294,0.0100785,0.0177731,0.0118412,0.0123229,0.0161765,0.0226925,0.0207158,0.0205099,0.0126199,0.0104871,0.0117652,0.00700333,0.0158161,0.0225031,0.022317817223997827,0.010946692305881203,4.0,0.015887,
5.0,0.0111041,0.0123695,0.0163884,0.00860557,0.0241161,0.0131471,0.0144436,0.00612537,0.0172456,0.00842686,0.0104257,0.0189367,0.0113734,0.0131551,0.00779351,0.0063257,0.0103681,0.00804416,0.00472935,0.00887796,0.0223978,0.017254179594942697,0.007146154711762724,5.0,0.010878,
7.5,0.00543396,0.00426063,0.0124145,0.0020019,0.0207442,0.0216191,0.0199342,0.00659765,0.00901982,0.00445167,0.00332402,0.00524717,0.00972898,0.00708377,0.00198004,0.00203057,0.00218002,0.00312341,0.00181009,0.00490071,0.00688289,0.012236596196841587,0.00241308292000528,7.5,0.005212,
10.0,0.00295069,0.0026644,0.00717279,0.000949466,0.00819406,0.00907794,0.00895412,0.00542442,0.00304635,0.00357002,0.00199882,0.00341345,0.00605947,0.00375894,0.00123483,0.00131977,0.00109039,0.00148903,0.000922499,0.00331595,0.00279102,0.006318141138917074,0.0013780273793618202,10.0,0.002973,
