Period (s),Median Sa (g),Chi-Chi Taiwan\CHY036\E,Chuetsu-oki\Niigata Nishi Kaba District\NS,Chuetsu-oki\Sanjo\NS,Darfield New Zealand\Christchurch Cashmere High School\N10E,Darfield New Zealand\Papanui High School\S33W,Dinar Turkey\Dinar\90,Duzce Turkey\Duzce\270,El Mayor-Cucapah\Chihuahua\0,El Mayor-Cucapah\TAMAULIPAS\0,Imperial Valley-02\El Centro Array #9\270,Imperial Valley-06\Aeropuerto Mexicali\45,Imperial Valley-06\Delta\262,Kocaeli Turkey\Duzce\180,Kocaeli Turkey\Duzce\270,Loma Prieta\Hollister - South & Pine\90,Loma Prieta\Hollister Differential Array\255,Northridge-01\Canoga Park - Topanga Can\196,Northridge-01\Northridge - 17645 Saticoy St\180,Northridge-01\Sun Valley - Roscoe Blvd\90,Superstition Hills-02\Brawley Airport\315,scaled_plus_sigma,scaled_minus_sigma,Period (s),Sa (g)
0.001,0.750826,0.690039,0.781983,0.677719,0.641403,0.619561,0.870234,0.754174,0.660856,0.638923,0.752227,0.898609,0.726379,0.708601,0.780141,0.631796,0.776557,0.909443,0.809809,1.15082,0.713199,0.8745023081429475,0.6446405881685223,0.001,0.71589445
0.01,0.752984,0.690858,0.782549,0.678685,0.642474,0.620063,0.871587,0.755139,0.66292,0.639979,0.752661,0.91756,0.730544,0.708987,0.780912,0.632408,0.776648,0.910272,0.811305,1.15191,0.720726,0.8778431905605986,0.6458840375510781,0.01,0.720292678
0.02,0.762795,0.692777,0.784191,0.683037,0.648146,0.622986,0.875975,0.757854,0.675582,0.644907,0.753931,1.03569,0.738975,0.710761,0.783128,0.634676,0.777392,0.914031,0.815704,1.15708,0.750747,0.89677080707813,0.6488349168287617,0.02,0.732408237
0.03,0.805051,0.701807,0.787418,0.690019,0.678411,0.626182,0.882312,0.754987,0.744875,0.679109,0.756108,1.74798,0.83059,0.713971,0.788344,0.638232,0.785521,0.925265,0.843321,1.20873,0.819928,1.0178803231558757,0.6367223119036072,0.03,0.742441907
0.05,0.872503,0.741103,0.801625,0.87404,0.775568,0.635002,0.919357,0.787221,0.789637,0.935539,0.765671,1.99121,0.95017,0.755204,0.802548,0.680892,0.78937,1.00783,0.910833,1.23205,0.89574,1.1127148204865147,0.684147879576325,0.05,0.827937416
0.075,0.964672,0.843863,0.784069,0.874878,0.795084,0.652874,0.927876,0.834339,0.910225,0.989439,0.816296,1.69034,1.16532,0.810012,0.916007,0.722197,0.936621,1.14485,0.977282,1.37049,1.87882,1.2630657090790918,0.7367724900571482,0.075,0.978789121
0.1,1.19221,1.03109,0.875234,0.855168,0.840985,0.722045,1.04243,0.852129,1.22961,1.18979,1.13246,3.3316,1.73129,0.881361,0.971865,0.909699,0.993353,1.47223,1.52713,1.48834,3.26659,1.8132172028861262,0.7838910207986067,0.1,1.126542178
0.15,1.45004,1.05002,1.086,1.18416,1.31033,1.23416,1.34525,0.890835,1.44982,2.7636,1.45949,1.46699,2.0214,1.08878,1.33229,1.31467,1.36295,1.96504,1.70406,2.25945,1.89244,1.9246365452651812,1.0924743202931837,0.15,1.36092108
0.2,1.58628,1.57855,1.49955,1.79119,1.59537,1.38721,1.96584,1.84722,1.5676,1.75845,1.83922,1.55966,1.63627,1.19571,1.36696,1.21403,1.3248,1.7768,1.92641,2.18523,1.17393,1.8916465729184209,1.3302084408494403,0.2,1.554247144
0.25,1.79981,1.51649,3.06586,2.55761,1.33939,1.33247,3.14771,1.70028,1.26632,1.59226,1.93654,1.93361,1.27453,1.30641,2.10529,1.93833,1.88573,2.27341,1.70011,2.19232,1.36645,2.384971331124495,1.3582201151963902,0.25,1.698285788
0.3,1.91732,1.49188,2.58945,3.38404,1.8081,1.85905,3.45271,1.57797,1.29288,1.4676,1.54777,1.87785,1.77114,1.51221,2.70864,1.57657,2.01047,1.79693,2.27982,2.08109,1.7412,2.5177317012544167,1.460090437979725,0.3,1.819000535
0.4,1.73454,1.43375,1.98495,1.28224,1.21988,1.20943,1.89181,1.55039,1.24591,1.42167,2.04225,1.68276,1.9231,2.40171,2.59243,1.5049,2.25702,2.67818,2.88033,1.64287,1.22662,2.304309922042507,1.30565293445128,0.4,1.872919112
0.5,1.69804,2.29193,1.87724,1.46409,1.68446,1.34934,1.75767,1.16886,1.67192,0.983396,1.85024,1.48543,2.05848,1.49907,1.49353,2.47035,2.56488,1.71144,2.433,1.93625,1.26906,2.194656724917356,1.3137999254569424,0.5,1.816867074
0.75,1.48635,2.12902,1.59178,1.84064,1.51353,1.66945,1.08532,1.88292,1.20719,1.46298,1.54834,1.07512,1.63011,1.11776,1.28504,1.34041,1.68404,1.28444,2.06193,2.19616,0.951482,1.8938323040031224,1.1665427386734226,0.75,1.545303418
1.0,1.19725,1.5742,0.838894,1.62399,1.42558,0.921919,1.59861,1.10645,1.21291,1.16212,0.995199,1.12149,0.796815,0.986774,1.27158,1.28396,1.53238,1.14536,1.43434,1.55199,0.93083,1.499073514441662,0.9561956426358986,1.0,1.275311524
1.5,0.779877,0.952811,0.697378,0.758842,0.665823,1.06908,1.14801,0.810603,0.613588,0.557173,0.67915,1.23826,0.642214,0.559428,1.16096,0.621074,0.491,1.09169,0.770499,0.885637,0.761264,1.0265112694738572,0.592500202594697,1.5,0.890292023
2.0,0.642173,0.715625,0.764718,0.600633,0.774454,0.810547,1.12459,0.569279,0.350568,0.595862,0.813022,0.630388,0.476868,0.696293,0.788604,0.499925,0.419868,0.881862,0.867016,0.538382,0.444567,0.8607143963081382,0.4791207904710874,2.0,0.653847795
3.0,0.359678,0.31568,0.460814,0.357927,0.43533,0.452866,0.442154,0.36036,0.309142,0.367302,0.385477,0.312169,0.476303,0.363333,0.256254,0.406633,0.419252,0.313032,0.209624,0.30613,0.386867,0.4434744484844503,0.2917152591904877,3.0,0.397101651
4.0,0.241443,0.401636,0.223777,0.311488,0.328715,0.29546,0.189209,0.356566,0.232341,0.213153,0.210412,0.169886,0.191509,0.458703,0.165375,0.342036,0.20642,0.166697,0.17864,0.11473,0.398243,0.35009425575653147,0.16651150737400364,4.0,0.250405824
5.0,0.17587,0.155428,0.158125,0.283183,0.194018,0.285504,0.0889521,0.37694,0.239627,0.178369,0.204166,0.069721,0.224187,0.257996,0.170667,0.366446,0.178245,0.0983282,0.10152,0.0638302,0.248013,0.29448971702190613,0.10503000652379044,5.0,0.172820253
7.5,0.0809081,0.10327,0.10717,0.065152,0.146973,0.245586,0.0311959,0.0977844,0.204266,0.146539,0.106783,0.0241885,0.0621199,0.163312,0.0741525,0.156312,0.0910236,0.0340139,0.0351853,0.0256545,0.0716295,0.1626276029687947,0.040252211347332485,7.5,0.075669035
10.0,0.042015,0.0439973,0.0302402,0.027524,0.0849168,0.0970073,0.0145465,0.0567218,0.225356,0.104191,0.036065,0.0128795,0.040411,0.0981404,0.0434685,0.067431,0.0470658,0.0196091,0.0260306,0.0120755,0.0320955,0.09042634910965117,0.01952152489159373,10.0,0.044383638
