Period (s),Median Sa (g),Chi-Chi Taiwan\CHY036\E,Chuetsu-oki\Niigata Nishi Kaba District\NS,Chuetsu-oki\Sanjo\NS,Darfield New Zealand\Christchurch Cashmere High School\N10E,Darfield New Zealand\Papanui High School\S33W,Dinar Turkey\Dinar\90,Duzce Turkey\Duzce\270,El Mayor-Cucapah\Chihuahua\0,El Mayor-Cucapah\TAMAULIPAS\0,Imperial Valley-02\El Centro Array #9\270,Imperial Valley-06\Aeropuerto Mexicali\45,Imperial Valley-06\Delta\262,Kocaeli Turkey\Duzce\180,Kocaeli Turkey\Duzce\270,Loma Prieta\Hollister - South & Pine\90,Loma Prieta\Hollister Differential Array\255,Northridge-01\Canoga Park - Topanga Can\196,Northridge-01\LA - Century City CC North\360,Northridge-01\Northridge - 17645 Saticoy St\180,Superstition Hills-02\Brawley Airport\315,scaled_plus_sigma,scaled_minus_sigma,Period (s),Sa (g)
0.001,0.747606,0.690039,0.781983,0.677719,0.641403,0.619561,0.870234,0.754174,0.660856,0.638923,0.752227,0.898609,0.726379,0.708601,0.780141,0.631796,0.776557,0.909443,1.05604,0.809809,0.713199,0.8604298597001719,0.6495761681617618,0.001,0.71589445
0.01,0.749809,0.690858,0.782549,0.678685,0.642474,0.620063,0.871587,0.755139,0.66292,0.639979,0.752661,0.91756,0.730544,0.708987,0.780912,0.632408,0.776648,0.910272,1.05858,0.811305,0.720726,0.8640619843966691,0.6506634322924938,0.01,0.720292678
0.02,0.759694,0.692777,0.784191,0.683037,0.648146,0.622986,0.875975,0.757854,0.675582,0.644907,0.753931,1.03569,0.738975,0.710761,0.783128,0.634676,0.777392,0.914031,1.06657,0.815704,0.750747,0.8839334001684747,0.6529168074495206,0.02,0.732408237
0.03,0.800617,0.701807,0.787418,0.690019,0.678411,0.626182,0.882312,0.754987,0.744875,0.679109,0.756108,1.74798,0.83059,0.713971,0.788344,0.638232,0.785521,0.925265,1.08234,0.843321,0.819928,1.0032637157858038,0.6389023848898473,0.03,0.742441907
0.05,0.868047,0.741103,0.801625,0.87404,0.775568,0.635002,0.919357,0.787221,0.789637,0.935539,0.765671,1.99121,0.95017,0.755204,0.802548,0.680892,0.78937,1.00783,1.11214,0.910833,0.89574,1.09968368754836,0.685202120155905,0.05,0.827937416
0.075,0.97197,0.843863,0.784069,0.874878,0.795084,0.652874,0.927876,0.834339,0.910225,0.989439,0.816296,1.69034,1.16532,0.810012,0.916007,0.722197,0.936621,1.14485,1.59347,0.977282,1.87882,1.2882022745430084,0.7333674994753,0.075,0.978789121
0.1,1.21171,1.03109,0.875234,0.855168,0.840985,0.722045,1.04243,0.852129,1.22961,1.18979,1.13246,3.3316,1.73129,0.881361,0.971865,0.909699,0.993353,1.47223,2.05867,1.52713,3.26659,1.8707970782234393,0.7848211552127731,0.1,1.126542178
0.15,1.44365,1.05002,1.086,1.18416,1.31033,1.23416,1.34525,0.890835,1.44982,2.7636,1.45949,1.46699,2.0214,1.08878,1.33229,1.31467,1.36295,1.96504,2.06866,1.70406,1.89244,1.90342830027323,1.0949324028653098,0.15,1.36092108
0.2,1.5893,1.57855,1.49955,1.79119,1.59537,1.38721,1.96584,1.84722,1.5676,1.75845,1.83922,1.55966,1.63627,1.19571,1.36696,1.21403,1.3248,1.7768,2.26984,1.92641,1.17393,1.902467385659145,1.3276834646628455,0.2,1.554247144
0.25,1.80044,1.51649,3.06586,2.55761,1.33939,1.33247,3.14771,1.70028,1.26632,1.59226,1.93654,1.93361,1.27453,1.30641,2.10529,1.93833,1.88573,2.27341,2.20754,1.70011,1.36645,2.3864241630344076,1.3583436858426006,0.25,1.698285788
0.3,1.91054,1.49188,2.58945,3.38404,1.8081,1.85905,3.45271,1.57797,1.29288,1.4676,1.54777,1.87785,1.77114,1.51221,2.70864,1.57657,2.01047,1.79693,1.93871,2.27982,1.7412,2.507168238975353,1.455890767462727,0.3,1.819000535
0.4,1.74558,1.43375,1.98495,1.28224,1.21988,1.20943,1.89181,1.55039,1.24591,1.42167,2.04225,1.68276,1.9231,2.40171,2.59243,1.5049,2.25702,2.67818,1.86502,2.88033,1.22662,2.3193010730013848,1.3137792121386134,0.4,1.872919112
0.5,1.71236,2.29193,1.87724,1.46409,1.68446,1.34934,1.75767,1.16886,1.67192,0.983396,1.85024,1.48543,2.05848,1.49907,1.49353,2.47035,2.56488,1.71144,2.29052,2.433,1.26906,2.229103609858317,1.3154062272531026,0.5,1.816867074
0.75,1.46861,2.12902,1.59178,1.84064,1.51353,1.66945,1.08532,1.88292,1.20719,1.46298,1.54834,1.07512,1.63011,1.11776,1.28504,1.34041,1.68404,1.28444,1.7272,2.06193,0.951482,1.8436022000687857,1.169891927889611,0.75,1.545303418
1.0,1.21132,1.5742,0.838894,1.62399,1.42558,0.921919,1.59861,1.10645,1.21291,1.16212,0.995199,1.12149,0.796815,0.986774,1.27158,1.28396,1.53238,1.14536,1.9606,1.43434,0.93083,1.546452617431427,0.9488141607837284,1.0,1.275311524
1.5,0.785239,0.952811,0.697378,0.758842,0.665823,1.06908,1.14801,0.810603,0.613588,0.557173,0.67915,1.23826,0.642214,0.559428,1.16096,0.621074,0.491,1.09169,1.01572,0.770499,0.761264,1.0387508142487745,0.5935978857132602,1.5,0.890292023
2.0,0.638941,0.715625,0.764718,0.600633,0.774454,0.810547,1.12459,0.569279,0.350568,0.595862,0.813022,0.630388,0.476868,0.696293,0.788604,0.499925,0.419868,0.881862,0.486698,0.867016,0.444567,0.8598484203848578,0.4747878716789108,2.0,0.653847795
3.0,0.353373,0.31568,0.460814,0.357927,0.43533,0.452866,0.442154,0.36036,0.309142,0.367302,0.385477,0.312169,0.476303,0.363333,0.256254,0.406633,0.419252,0.313032,0.214936,0.209624,0.386867,0.4478297582494823,0.27883916785055307,3.0,0.397101651
4.0,0.239618,0.401636,0.223777,0.311488,0.328715,0.29546,0.189209,0.356566,0.232341,0.213153,0.210412,0.169886,0.191509,0.458703,0.165375,0.342036,0.20642,0.166697,0.0985788,0.17864,0.398243,0.353455993152988,0.1624439450349001,4.0,0.250405824
5.0,0.175572,0.155428,0.158125,0.283183,0.194018,0.285504,0.0889521,0.37694,0.239627,0.178369,0.204166,0.069721,0.224187,0.257996,0.170667,0.366446,0.178245,0.0983282,0.0617024,0.10152,0.248013,0.2950368356586217,0.10448026638838852,5.0,0.172820253
7.5,0.0815597,0.10327,0.10717,0.065152,0.146973,0.245586,0.0311959,0.0977844,0.204266,0.146539,0.106783,0.0241885,0.0621199,0.163312,0.0741525,0.156312,0.0910236,0.0340139,0.0301193,0.0351853,0.0716295,0.1618048965953641,0.04111114560843635,7.5,0.075669035
10.0,0.0423486,0.0439973,0.0302402,0.027524,0.0849168,0.0970073,0.0145465,0.0567218,0.225356,0.104191,0.036065,0.0128795,0.040411,0.0981404,0.0434685,0.067431,0.0470658,0.0196091,0.0141446,0.0260306,0.0320955,0.08998215408286148,0.019930662254523446,10.0,0.044383638
