Period (s),Median Sa (g),Chi-Chi Taiwan\CHY036\E,Chi-Chi Taiwan\CHY036\N,Christchurch New Zealand\Shirley Library\S40W,Christchurch New Zealand\Shirley Library\S50E,Chuetsu-oki\Yan Sakuramachi City watershed\EW,Darfield New Zealand\Christchurch Cashmere High School\N10E,Darfield New Zealand\Pages Road Pumping Station\S,Dinar Turkey\Dinar\90,El Mayor-Cucapah\Chihuahua\0,Imperial Valley-06\Delta\262,Iwate\Nakashinden Town\NS,Kobe Japan\Fukushima\90,Kocaeli Turkey\Duzce\180,Kocaeli Turkey\Duzce\270,Loma Prieta\Hollister - South & Pine\90,Loma Prieta\Hollister Differential Array\165,Loma Prieta\Hollister Differential Array\255,Northridge-01\Canoga Park - Topanga Can\196,Northridge-01\Northridge - 17645 Saticoy St\180,Northridge-01\Northridge - 17645 Saticoy St\90,scaled_plus_sigma,scaled_minus_sigma,Period (s),Sa (g)
0.001,0.727974,0.690039,0.568941,0.650675,0.663752,0.844386,0.641403,0.578376,0.870234,0.660856,0.726379,0.699395,0.756284,0.708601,0.780141,0.631796,0.811575,0.776557,0.909443,0.809809,0.918325,0.8380001950789798,0.632393820178113,0.001,0.71589445
0.01,0.729489,0.690858,0.570046,0.651731,0.664874,0.846286,0.642474,0.579524,0.871587,0.66292,0.730544,0.70238,0.757146,0.708987,0.780912,0.632408,0.812939,0.776648,0.910272,0.811305,0.924226,0.8399457353930166,0.6335578343903386,0.01,0.720292678
0.02,0.738997,0.692777,0.573755,0.660872,0.72855,0.853223,0.648146,0.588468,0.875975,0.675582,0.738975,0.716314,0.762558,0.710761,0.783128,0.634676,0.817205,0.777392,0.914031,0.815704,0.947876,0.849217095902127,0.6430823974744149,0.02,0.732408237
0.03,0.7909,0.701807,0.585053,0.651522,0.922776,1.48652,0.678411,0.595141,0.882312,0.744875,0.83059,0.78544,0.776329,0.713971,0.788344,0.638232,0.820847,0.785521,0.925265,0.843321,1.02898,0.9763835956478167,0.6406527237739739,0.03,0.742441907
0.05,0.854565,0.741103,0.582581,0.896946,1.01581,1.85155,0.775568,0.632425,0.919357,0.789637,0.95017,0.798285,0.772734,0.755204,0.802548,0.680892,0.832037,0.78937,1.00783,0.910833,1.14067,1.0902579161330628,0.6698243859720542,0.05,0.827937416
0.075,0.955678,0.843863,0.839181,1.01594,1.04982,1.33584,0.795084,0.70175,0.927876,0.910225,1.16532,0.993955,0.901793,0.810012,0.916007,0.722197,0.848526,0.936621,1.14485,0.977282,1.70676,1.1771505820303494,0.7758739226961984,0.075,0.978789121
0.1,1.1084,1.03109,1.04913,0.843442,1.27102,1.23752,0.840985,0.857859,1.04243,1.22961,1.73129,1.24183,0.817002,0.881361,0.971865,0.909699,0.895507,0.993353,1.47223,1.52713,2.156,1.4494418249444474,0.8476025314414305,0.1,1.126542178
0.15,1.38374,1.05002,1.18412,1.11976,1.49625,1.31056,1.31033,1.16808,1.34525,1.44982,2.0214,2.09878,0.851365,1.08878,1.33229,1.31467,1.1082,1.36295,1.96504,1.70406,2.33283,1.7960395275135628,1.0660881112403806,0.15,1.36092108
0.2,1.56467,1.57855,1.37611,1.64115,1.28752,1.54131,1.59537,2.28012,1.96584,1.5676,1.63627,1.84274,0.982721,1.19571,1.36696,1.21403,1.32867,1.3248,1.7768,1.92641,2.75335,1.9869482901264401,1.2321368508005854,0.2,1.554247144
0.25,1.73216,1.51649,1.46207,1.64781,2.13022,1.96805,1.33939,1.85725,3.14771,1.26632,1.27453,1.33414,1.26212,1.30641,2.10529,1.93833,1.83354,1.88573,2.27341,1.70011,2.54602,2.2408677620607556,1.338935887426387,0.25,1.698285788
0.3,1.78267,1.49188,1.59419,2.84273,1.69862,1.40745,1.8081,1.17466,3.45271,1.29288,1.77114,1.21382,1.49162,1.51221,2.70864,1.57657,1.53936,2.01047,1.79693,2.27982,2.61105,2.3986096102793857,1.3248976887613833,0.3,1.819000535
0.4,1.7805,1.43375,1.4743,1.33021,1.48964,1.85504,1.21988,1.178,1.89181,1.24591,1.9231,2.09884,1.52163,2.40171,2.59243,1.5049,1.80963,2.25702,2.67818,2.88033,2.14875,2.34754998264624,1.3504207677940314,0.4,1.872919112
0.5,1.8004,2.29193,1.85362,1.29866,1.76906,1.82897,1.68446,1.28366,1.75767,1.67192,2.05848,2.0891,1.78083,1.49907,1.49353,2.47035,1.37232,2.56488,1.71144,2.433,1.81842,2.2082975127622118,1.4678457686371704,0.5,1.816867074
0.75,1.52894,2.12902,2.17061,1.72339,1.3868,1.78253,1.51353,1.09714,1.08532,1.20719,1.63011,1.60728,1.66381,1.11776,1.28504,1.34041,2.39975,1.68404,1.28444,2.06193,1.26645,1.9428436228645407,1.2032144512759824,0.75,1.545303418
1.0,1.23361,1.5742,0.775805,1.82119,1.47875,2.18001,1.42558,0.861859,1.59861,1.21291,0.796815,0.774112,1.84265,0.986774,1.27158,1.28396,1.0448,1.53238,1.14536,1.43434,0.80974,1.692721908650462,0.8990216433798415,1.0,1.275311524
1.5,0.812816,0.952811,0.688095,1.09921,0.668252,1.16611,0.665823,0.876367,1.14801,0.613588,0.642214,0.570864,1.3157,0.559428,1.16096,0.621074,0.926489,0.491,1.09169,0.770499,0.921919,1.094753783449764,0.6034871583399435,1.5,0.890292023
2.0,0.655484,0.715625,0.445626,0.882007,0.686286,0.623931,0.774454,0.675327,1.12459,0.350568,0.476868,0.625578,0.858981,0.696293,0.788604,0.499925,0.803498,0.419868,0.881862,0.867016,0.475834,0.8884735643756009,0.48359263739935215,2.0,0.653847795
3.0,0.390274,0.31568,0.454262,0.370552,0.743814,0.254612,0.43533,0.674736,0.442154,0.309142,0.476303,0.918237,0.302688,0.363333,0.256254,0.406633,0.423829,0.419252,0.313032,0.209624,0.284614,0.56566444924496,0.2692652778149769,3.0,0.397101651
4.0,0.25757,0.401636,0.407027,0.299787,0.268546,0.14496,0.328715,0.423451,0.189209,0.232341,0.191509,0.558269,0.281436,0.458703,0.165375,0.342036,0.237459,0.20642,0.166697,0.17864,0.124154,0.3929445578800934,0.16883375420164057,4.0,0.250405824
5.0,0.179639,0.155428,0.322056,0.238461,0.157172,0.0929665,0.194018,0.296339,0.0889521,0.239627,0.224187,0.163531,0.317259,0.257996,0.170667,0.366446,0.139782,0.178245,0.0983282,0.10152,0.122745,0.2784095640547452,0.11590898621088512,5.0,0.172820253
7.5,0.080658,0.10327,0.268557,0.0645172,0.0567684,0.0360901,0.146973,0.189659,0.0311959,0.204266,0.0621199,0.0587952,0.120578,0.163312,0.0741525,0.156312,0.0889915,0.0910236,0.0340139,0.0351853,0.0258087,0.16183592181943932,0.040199437126563514,7.5,0.075669035
10.0,0.0427596,0.0439973,0.0787434,0.0347234,0.0304346,0.0204383,0.0849168,0.10679,0.0145465,0.225356,0.040411,0.0230087,0.0405176,0.0981404,0.0434685,0.067431,0.0558467,0.0470658,0.0196091,0.0260306,0.0129088,0.0882275022742409,0.020723508486920176,10.0,0.044383638
