Period (s),Median Sa (g),Chi-Chi Taiwan\CHY036\E,Christchurch New Zealand\Shirley Library\S40W,Christchurch New Zealand\Shirley Library\S50E,Chuetsu-oki\Niigata Nishi Kaba District\EW,Chuetsu-oki\Sanjo\EW,Darfield New Zealand\Christchurch Cashmere High School\N10E,Darfield New Zealand\Pages Road Pumping Station\S,Darfield New Zealand\Papanui High School\S33W,Dinar Turkey\Dinar\90,Duzce Turkey\Duzce\180,El Mayor-Cucapah\Chihuahua\0,Imperial Valley-06\Delta\262,Kobe Japan\Fukushima\90,Kobe Japan\Morigawachi\90,Kocaeli Turkey\Duzce\270,Loma Prieta\Agnews State Hospital\90,Northridge-01\Canoga Park - Topanga Can\196,Northridge-01\LA - Century City CC North\360,Northridge-01\Northridge - 17645 Saticoy St\180,Tabas Iran\Boshrooyeh\T,scaled_plus_sigma,scaled_minus_sigma,Period (s),Sa (g)
0.001,0.492046,0.460026,0.433783,0.442502,0.63701,0.480751,0.427602,0.385584,0.413041,0.580156,0.471876,0.440571,0.484253,0.504189,0.495105,0.520094,0.520599,0.606295,0.704029,0.539873,0.413066,0.5756663319616294,0.42057221809549494,0.001,0.477262967
0.01,0.492899,0.460572,0.434488,0.443249,0.637486,0.481587,0.428316,0.386349,0.413375,0.581058,0.472426,0.441946,0.487029,0.504764,0.496186,0.520608,0.521191,0.606848,0.705723,0.54087,0.413495,0.5766279656028023,0.4213278555559173,0.01,0.480195119
0.02,0.498456,0.461851,0.440581,0.4857,0.638944,0.483576,0.432097,0.392312,0.415324,0.583983,0.474866,0.450388,0.49265,0.508372,0.498937,0.522085,0.523745,0.609354,0.711046,0.543803,0.414678,0.5810003276027712,0.4276389739075509,0.02,0.488272158
0.03,0.514609,0.467871,0.434348,0.615184,0.641435,0.487285,0.452274,0.396761,0.417454,0.588208,0.476181,0.496583,0.553727,0.517553,0.497229,0.525562,0.528388,0.616843,0.72156,0.562214,0.420791,0.6030206182970955,0.4391598145165371,0.03,0.494961272
0.05,0.557386,0.494068,0.597964,0.677206,0.646966,0.524187,0.517045,0.421616,0.423334,0.612904,0.503675,0.526425,0.633447,0.515156,0.522089,0.535032,0.559979,0.671888,0.741425,0.607222,0.533214,0.6466589291718919,0.48043742841973,0.05,0.551958277
0.075,0.623708,0.562576,0.677294,0.699881,0.660552,0.538209,0.530056,0.467833,0.435249,0.618584,0.49573,0.606817,0.776878,0.601195,0.640055,0.610671,0.764698,0.763236,1.06231,0.651521,0.565206,0.7634024198430337,0.5095761542699673,0.075,0.652526081
0.1,0.760717,0.687395,0.562294,0.847345,0.736836,0.743834,0.560657,0.571906,0.481364,0.69495,0.677917,0.819742,1.1542,0.544668,0.948502,0.64791,0.902364,0.981486,1.37244,1.01808,0.823319,0.9997971511855307,0.5788077645578462,0.1,0.751028118
0.15,0.941867,0.700013,0.746505,0.9975,0.734745,1.38909,0.873552,0.778721,0.822772,0.896831,0.840829,0.966549,1.3476,0.567577,1.04985,0.888193,0.924181,1.31003,1.37911,1.13604,1.0281,1.2022031077433626,0.7379064652013646,0.15,0.90728072
0.2,1.04132,1.05237,1.0941,0.858345,1.1219,1.041,1.06358,1.52008,0.924804,1.31056,0.642545,1.04507,1.09084,0.655147,0.661323,0.911307,1.41695,1.18453,1.51323,1.28428,1.05332,1.3423477580293137,0.807799123523638,0.2,1.036164763
0.25,1.13693,1.01099,1.09854,1.42015,1.37892,1.39311,0.892924,1.23816,0.88831,2.09848,1.0249,0.844215,0.849687,0.841413,0.63378,1.40353,1.54716,1.5156,1.47169,1.13341,0.968967,1.5163310701015307,0.8524588398847813,0.25,1.132190525
0.3,1.23895,0.994588,1.89515,1.13241,1.81926,1.1153,1.2054,0.783105,1.23936,2.30181,1.45931,0.861919,1.18076,0.994413,0.807314,1.80576,1.22175,1.19795,1.29247,1.51988,1.00589,1.658081559016827,0.9257669468383624,0.3,1.212667023
0.4,1.18232,0.955834,0.886807,0.993091,2.1122,0.948096,0.813252,0.785331,0.806287,1.2612,2.18372,0.830607,1.28207,1.01442,1.13888,1.72828,0.924725,1.78546,1.24335,1.92022,1.42184,1.6590640365054885,0.8425718065376049,0.4,1.248612742
0.5,1.16422,1.52795,0.865771,1.17937,1.41481,1.16295,1.12298,0.855772,0.89956,1.17178,1.24719,1.11461,1.37232,1.18722,1.28548,0.995687,0.841379,1.14096,1.52702,1.622,1.16756,1.414450808968909,0.9582575794120763,0.5,1.211244716
0.75,0.991202,1.41935,1.14893,0.924536,0.742177,1.24669,1.00902,0.731427,1.11296,0.723549,1.15858,0.804796,1.08674,1.10921,1.32933,0.856693,0.666139,0.856293,1.15147,1.37462,0.874616,1.2493258290839713,0.7864092632459009,0.75,1.030202279
1.0,0.839489,1.04947,1.21413,0.985833,0.594831,1.13546,0.950388,0.574573,0.614613,1.06574,0.616872,0.808607,0.53121,1.22843,1.23964,0.847722,0.600798,0.763573,1.30707,0.956226,0.507759,1.1540691570525583,0.610658188735309,1.0,0.850207683
1.5,0.567841,0.635207,0.732807,0.445501,0.395681,0.644755,0.443882,0.584244,0.712719,0.76534,0.334822,0.409059,0.428142,0.877137,0.556689,0.773973,0.427984,0.72779,0.677144,0.513666,0.67611,0.748523388068551,0.43077264708189744,1.5,0.593528015
2.0,0.444159,0.477084,0.588005,0.457524,0.27806,0.426966,0.516302,0.450218,0.540365,0.749727,0.255745,0.233712,0.317912,0.572654,0.388294,0.525736,0.496808,0.587908,0.324465,0.57801,0.511352,0.6073174319047958,0.324833780354794,2.0,0.43589853
3.0,0.243185,0.210453,0.247034,0.495876,0.186358,0.179872,0.29022,0.449824,0.301911,0.294769,0.255645,0.206095,0.317535,0.201792,0.19307,0.170836,0.3762,0.208688,0.143291,0.139749,0.297744,0.3453973421039352,0.17122003274479228,3.0,0.264734434
4.0,0.168584,0.267757,0.199858,0.179031,0.194484,0.166483,0.219143,0.282301,0.196973,0.126139,0.17569,0.154894,0.127673,0.187624,0.233847,0.11025,0.163499,0.111131,0.0657192,0.119093,0.301712,0.24433619905673193,0.11631745588954294,4.0,0.166937216
5.0,0.118045,0.103619,0.158974,0.104781,0.0935858,0.113918,0.129345,0.19756,0.190336,0.0593014,0.204798,0.159751,0.149458,0.211506,0.180696,0.113778,0.103826,0.0655521,0.041135,0.06768,0.129081,0.1858652423613545,0.07497163992560082,5.0,0.115213502
7.5,0.0541615,0.0688464,0.0430115,0.0378456,0.0470245,0.0448646,0.0979818,0.12644,0.163724,0.0207973,0.0885954,0.136177,0.0414132,0.0803855,0.0575191,0.049435,0.0559086,0.0226759,0.0200795,0.0234569,0.0693772,0.10084617377685852,0.02908854121467078,7.5,0.050446023
10.0,0.0292663,0.0293316,0.023149,0.0202897,0.0200752,0.0297771,0.0566112,0.0711935,0.0646715,0.00969764,0.0537836,0.150238,0.0269407,0.0270117,0.0299943,0.028979,0.0296674,0.0130727,0.00942974,0.0173537,0.0314707,0.057524427485243085,0.014889610433927825,10.0,0.029589092
