Period (s),Median Sa (g),Chi-Chi Taiwan\CHY036\E,Chi-Chi Taiwan\CHY036\N,Christchurch New Zealand\Shirley Library\S40W,Christchurch New Zealand\Shirley Library\S50E,Darfield New Zealand\Christchurch Cashmere High School\N10E,Darfield New Zealand\Pages Road Pumping Station\S,Dinar Turkey\Dinar\180,Dinar Turkey\Dinar\90,Duzce Turkey\Duzce\180,El Mayor-Cucapah\Chihuahua\0,Imperial Valley-06\Delta\262,Kobe Japan\Fukushima\90,Kobe Japan\Morigawachi\90,Kobe Japan\Yae\90,Kocaeli Turkey\Duzce\270,Loma Prieta\Agnews State Hospital\90,Northridge-01\Canoga Park - Topanga Can\196,Northridge-01\LA - Century City CC North\360,Northridge-01\Northridge - 17645 Saticoy St\180,Tabas Iran\Boshrooyeh\T,scaled_plus_sigma,scaled_minus_sigma,Period (s),Sa (g)
0.001,0.491033,0.460026,0.379294,0.433783,0.442502,0.427602,0.385584,0.62674,0.580156,0.471876,0.440571,0.484253,0.504189,0.495105,0.510629,0.520094,0.520599,0.606295,0.704029,0.539873,0.413066,0.5773065080810938,0.41765232803357033,0.001,0.477262967
0.01,0.491891,0.460572,0.380031,0.434488,0.443249,0.428316,0.386349,0.62734,0.581058,0.472426,0.441946,0.487029,0.504764,0.496186,0.51097,0.520608,0.521191,0.606848,0.705723,0.54087,0.413495,0.5782447067934965,0.4184331530204701,0.01,0.480195119
0.02,0.497907,0.461851,0.382503,0.440581,0.4857,0.432097,0.392312,0.629308,0.583983,0.474866,0.450388,0.49265,0.508372,0.498937,0.521506,0.522085,0.523745,0.609354,0.711046,0.543803,0.414678,0.5833680627367048,0.4249656374502136,0.02,0.488272158
0.03,0.514009,0.467871,0.390036,0.434348,0.615184,0.452274,0.396761,0.633158,0.588208,0.476181,0.496583,0.553727,0.517553,0.497229,0.516192,0.525562,0.528388,0.616843,0.72156,0.562214,0.420791,0.6047413071074069,0.4368897063518684,0.03,0.494961272
0.05,0.555269,0.494068,0.388388,0.597964,0.677206,0.517045,0.421616,0.642025,0.612904,0.503675,0.526425,0.633447,0.515156,0.522089,0.533566,0.535032,0.559979,0.671888,0.741425,0.607222,0.533214,0.6498201816552266,0.4744753565142218,0.05,0.551958277
0.075,0.632027,0.562576,0.559454,0.677294,0.699881,0.530056,0.467833,0.681103,0.618584,0.49573,0.606817,0.776878,0.601195,0.640055,0.529308,0.610671,0.764698,0.763236,1.06231,0.651521,0.565206,0.7620088080597016,0.5242172065519004,0.075,0.652526081
0.1,0.771846,0.687395,0.699421,0.562294,0.847345,0.560657,0.571906,0.835453,0.69495,0.677917,0.819742,1.1542,0.544668,0.948502,0.603694,0.64791,0.902364,0.981486,1.37244,1.01808,0.823319,0.9998917751349338,0.5958107292517784,0.1,0.751028118
0.15,0.938503,0.700013,0.789413,0.746505,0.9975,0.873552,0.778721,1.46521,0.896831,0.840829,0.966549,1.3476,0.567577,1.04985,0.67587,0.888193,0.924181,1.31003,1.37911,1.13604,1.0281,1.2112971057099156,0.7271443784163827,0.15,0.90728072
0.2,1.0432,1.05237,0.917404,1.0941,0.858345,1.06358,1.52008,1.71425,1.31056,0.642545,1.04507,1.09084,0.655147,0.661323,0.712023,0.911307,1.41695,1.18453,1.51323,1.28428,1.05332,1.396255362711909,0.7794177691724598,0.2,1.036164763
0.25,1.15157,1.01099,0.974714,1.09854,1.42015,0.892924,1.23816,1.95591,2.09848,1.0249,0.844215,0.849687,0.841413,0.63378,1.15615,1.40353,1.54716,1.5156,1.47169,1.13341,0.968967,1.5600427561970893,0.850049435909476,0.25,1.132190525
0.3,1.22686,0.994588,1.0628,1.89515,1.13241,1.2054,0.783105,2.35933,2.30181,1.45931,0.861919,1.18076,0.994413,0.807314,0.824279,1.80576,1.22175,1.19795,1.29247,1.51988,1.00589,1.7049078456275335,0.882854439001059,0.3,1.212667023
0.4,1.18907,0.955834,0.982865,0.886807,0.993091,0.813252,0.785331,1.99906,1.2612,2.18372,0.830607,1.28207,1.01442,1.13888,0.920794,1.72828,0.924725,1.78546,1.24335,1.92022,1.42184,1.6475173014499847,0.8581927872051078,0.4,1.248612742
0.5,1.16932,1.52795,1.23575,0.865771,1.17937,1.12298,0.855772,1.11358,1.17178,1.24719,1.11461,1.37232,1.18722,1.28548,1.17394,0.995687,0.841379,1.14096,1.52702,1.622,1.16756,1.4010099694301386,0.9759454195434124,0.5,1.211244716
0.75,1.02686,1.41935,1.44707,1.14893,0.924536,1.00902,0.731427,1.25872,0.723549,1.15858,0.804796,1.08674,1.10921,1.32933,1.14642,0.856693,0.666139,0.856293,1.15147,1.37462,0.874616,1.3010850917562995,0.8104323585605292,0.75,1.030202279
1.0,0.848659,1.04947,0.517203,1.21413,0.985833,0.950388,0.574573,0.798007,1.06574,0.616872,0.808607,0.53121,1.22843,1.23964,1.24987,0.847722,0.600798,0.763573,1.30707,0.956226,0.507759,1.1749189631053372,0.6129972541914184,1.0,0.850207683
1.5,0.563921,0.635207,0.45873,0.732807,0.445501,0.443882,0.584244,0.504559,0.76534,0.334822,0.409059,0.428142,0.877137,0.556689,0.683954,0.773973,0.427984,0.72779,0.677144,0.513666,0.67611,0.7358109105928623,0.43218561951571693,1.5,0.593528015
2.0,0.45333,0.477084,0.297084,0.588005,0.457524,0.516302,0.450218,0.541978,0.749727,0.255745,0.233712,0.317912,0.572654,0.388294,0.599606,0.525736,0.496808,0.587908,0.324465,0.57801,0.511352,0.6210908310966425,0.3308825031874004,2.0,0.43589853
3.0,0.24481,0.210453,0.302841,0.247034,0.495876,0.29022,0.449824,0.191981,0.294769,0.255645,0.206095,0.317535,0.201792,0.19307,0.198861,0.170836,0.3762,0.208688,0.143291,0.139749,0.297744,0.34600367606861415,0.1732118478652094,3.0,0.264734434
4.0,0.172855,0.267757,0.271351,0.199858,0.179031,0.219143,0.282301,0.118819,0.126139,0.17569,0.154894,0.127673,0.187624,0.233847,0.326223,0.11025,0.163499,0.111131,0.0657192,0.119093,0.301712,0.262955835642862,0.11362687940335531,4.0,0.166937216
5.0,0.118043,0.103619,0.214704,0.158974,0.104781,0.129345,0.19756,0.0501304,0.0593014,0.204798,0.159751,0.149458,0.211506,0.180696,0.188482,0.113778,0.103826,0.0655521,0.041135,0.06768,0.129081,0.19658029324387652,0.07088274017229877,5.0,0.115213502
7.5,0.0513938,0.0688464,0.179038,0.0430115,0.0378456,0.0979818,0.12644,0.0137971,0.0207973,0.0885954,0.136177,0.0414132,0.0803855,0.0575191,0.048978,0.049435,0.0559086,0.0226759,0.0200795,0.0234569,0.0693772,0.10352369695827172,0.02551418425005304,7.5,0.050446023
10.0,0.0273476,0.0293316,0.0524956,0.023149,0.0202897,0.0566112,0.0711935,0.00787016,0.00969764,0.0537836,0.150238,0.0269407,0.0270117,0.0299943,0.0241092,0.028979,0.0296674,0.0130727,0.00942974,0.0173537,0.0314707,0.056323382781977745,0.01327852108341953,10.0,0.029589092
