Period (s),Median Sa (g),Chuetsu-oki\Niigata Nishi Kaba District\NS,Chuetsu-oki\Sanjo Shinbori\EW,Darfield New Zealand\Christchurch Cashmere High School\N10E,Darfield New Zealand\LRSC\N49W,Darfield New Zealand\Pages Road Pumping Station\W,El Mayor-Cucapah\El Centro - Imperial & Ross\90,El Mayor-Cucapah\El Centro Array #10\230,El Mayor-Cucapah\RIITO\90,Imperial Valley-02\El Centro Array #9\180,Imperial Valley-06\Calexico Fire Station\225,Imperial Valley-06\Chihuahua\12,Imperial Valley-06\Delta\262,Imperial Valley-06\El Centro Array #13\140,Kobe Japan\Kakogawa\0,Kobe Japan\Sakai\90,Loma Prieta\Coyote Lake Dam (Downst)\285,Northridge-01\Northridge - 17645 Saticoy St\90,Northridge-01\Sun Valley - Roscoe Blvd\0,Superstition Hills-02\Poe Road (temp)\360,Tabas Iran\Boshrooyeh\L,scaled_plus_sigma,scaled_minus_sigma,Period (s),Sa (g),Unnamed: 2
0.001,0.0698133,0.0660529,0.0741111,0.0541783,0.0829542,0.0616234,0.0581482,0.0624646,0.0637463,0.082532,0.0886076,0.0841851,0.0613561,0.0612769,0.0879535,0.0622815,0.071072,0.0775694,0.0759943,0.0710928,0.0638051,0.08096545126002666,0.060197241922818556,0.001,0.067944,
0.01,0.0701113,0.0661007,0.0745806,0.0542688,0.0833189,0.0619546,0.0582925,0.0626163,0.0651218,0.0825769,0.0887549,0.0843669,0.0617079,0.0615238,0.0883649,0.0624723,0.0712537,0.0780679,0.0764194,0.0712635,0.0639151,0.08128113756280869,0.060476446751148785,0.01,0.068446,
0.02,0.0713071,0.0662394,0.0770148,0.0547479,0.0847758,0.0631812,0.0587781,0.0628167,0.0697196,0.082711,0.0894103,0.0861103,0.0624201,0.0642869,0.0898149,0.063039,0.0719463,0.0800656,0.0775591,0.0721853,0.0642903,0.08269068020835024,0.061490635916870075,0.02,0.069947,
0.03,0.0751184,0.066512,0.0854083,0.0573043,0.0924192,0.0650545,0.0600579,0.0644316,0.0856331,0.0829509,0.0906179,0.0924935,0.0701586,0.0664552,0.0919013,0.0666588,0.0740955,0.0869161,0.0792151,0.0765201,0.0650998,0.08786930459174232,0.0642178067162067,0.03,0.07313,
0.05,0.0859199,0.067712,0.0903384,0.065511,0.115436,0.0731869,0.0755117,0.0660102,0.143536,0.0839294,0.0962001,0.0891299,0.0802594,0.0713941,0.0986054,0.0846058,0.0809887,0.0963504,0.102507,0.103996,0.0693493,0.10546471762493538,0.06999714579679103,0.05,0.085351,
0.075,0.108044,0.0662291,0.119472,0.0671595,0.124468,0.116864,0.116797,0.07051,0.199719,0.113081,0.113104,0.12579,0.0984325,0.106924,0.139,0.0975153,0.0974231,0.144168,0.115968,0.118108,0.0837038,0.1410422585584775,0.08276601676199087,0.075,0.10577,
0.1,0.127229,0.0739297,0.130228,0.0710367,0.114679,0.10761,0.174414,0.0905264,0.177769,0.173974,0.183255,0.126101,0.14624,0.129888,0.137374,0.145358,0.109908,0.182114,0.159093,0.115744,0.0927753,0.16982111398396588,0.0953192336409262,0.1,0.127622,
0.15,0.15464,0.0917328,0.132087,0.110681,0.149441,0.149359,0.14933,0.0997047,0.160439,0.193111,0.136063,0.123154,0.170745,0.149589,0.284072,0.184298,0.185527,0.197051,0.204948,0.178975,0.147404,0.20149646441395622,0.11867964864570439,0.15,0.158637,
0.2,0.178762,0.126664,0.166908,0.134758,0.181682,0.192672,0.116809,0.129802,0.14676,0.184846,0.202092,0.182555,0.138213,0.185282,0.230829,0.233219,0.253661,0.232571,0.281768,0.217536,0.147195,0.2304763633796514,0.13865132274480066,0.2,0.176429,
0.25,0.181235,0.258968,0.240042,0.113136,0.204661,0.215725,0.126506,0.12343,0.166361,0.240091,0.238902,0.262637,0.107658,0.175477,0.198308,0.169913,0.111928,0.215059,0.255047,0.178353,0.172591,0.24477404793707305,0.13418957402479262,0.25,0.182344,
0.3,0.176065,0.218727,0.218058,0.152727,0.233324,0.144634,0.136526,0.186641,0.190654,0.191887,0.189561,0.173338,0.149606,0.155568,0.219285,0.181141,0.135397,0.220551,0.177385,0.171715,0.12941,0.21106354410618855,0.14686991235873545,0.3,0.181569,
0.4,0.164643,0.167666,0.158405,0.103041,0.208033,0.145245,0.117103,0.19663,0.183712,0.179919,0.226987,0.179453,0.162441,0.14354,0.165283,0.141121,0.23014,0.181501,0.16769,0.168649,0.130075,0.20190423351897363,0.13425829155015037,0.4,0.166485,
0.5,0.156861,0.158568,0.126031,0.142284,0.123956,0.117822,0.142916,0.19008,0.177042,0.216944,0.201342,0.155619,0.173877,0.121928,0.171922,0.100376,0.192855,0.153599,0.199595,0.15049,0.184053,0.1933929371332299,0.1272299479274632,0.5,0.152186,
0.75,0.107135,0.134455,0.0834229,0.127845,0.15452,0.059976,0.133638,0.162919,0.104166,0.128422,0.111045,0.14759,0.137693,0.069793,0.0816444,0.0972836,0.0962755,0.106975,0.116606,0.0838524,0.0813982,0.14138571479546025,0.08118152701356603,0.75,0.114187,
1.0,0.085304,0.0708601,0.0817318,0.120417,0.123785,0.0604701,0.0971588,0.111903,0.0970544,0.138044,0.0593276,0.0874873,0.0673058,0.0769013,0.0844007,0.0623548,0.0668107,0.0683975,0.0999533,0.0857808,0.0988256,0.10972325660886025,0.06631932591957353,1.0,0.086048,
1.5,0.0519981,0.0589065,0.0610267,0.056241,0.0551717,0.0623658,0.0374614,0.0355939,0.0349042,0.0468631,0.0331444,0.0616445,0.0542468,0.0464932,0.0558433,0.0510886,0.0748211,0.0778731,0.0439229,0.0420059,0.0870761,0.06815899784620362,0.03966904574669592,1.5,0.056593,
2.0,0.040757,0.0645946,0.0379997,0.0654169,0.0510965,0.0372573,0.0280011,0.0263278,0.029309,0.0580329,0.0199069,0.0371152,0.0402803,0.0445745,0.0719068,0.0422011,0.0433912,0.0401929,0.0301411,0.0394216,0.0500302,0.05664017868193276,0.02932782148037031,2.0,0.039882,
3.0,0.0242149,0.0389243,0.0176013,0.0367717,0.0287589,0.039611,0.0187495,0.0148343,0.0131134,0.0306929,0.018444,0.0159468,0.0402326,0.0256865,0.0150603,0.047894,0.01733,0.0240409,0.0229388,0.0280934,0.0254051,0.035671075352714035,0.01643800687846061,3.0,0.024057,
4.0,0.0158019,0.0189021,0.0199816,0.0277661,0.012149,0.0253384,0.0150338,0.0189294,0.0100785,0.012425,0.0118412,0.0123229,0.0161765,0.0226925,0.013209,0.0206077,0.0127917,0.0104871,0.0117652,0.0158161,0.0225031,0.021490096174696452,0.011619307870013619,4.0,0.015887,
5.0,0.0111158,0.0133566,0.0123695,0.0163884,0.00860557,0.0131182,0.0131471,0.0144436,0.00612537,0.00561196,0.00842686,0.0104257,0.0189367,0.0113734,0.00584961,0.0165886,0.0136523,0.0103681,0.00804416,0.00887796,0.0223978,0.016360657496422525,0.007552325428670471,5.0,0.010878,
7.5,0.00543236,0.0090525,0.00426063,0.0124145,0.0020019,0.00876267,0.0216191,0.0199342,0.00659765,0.00190959,0.00445167,0.00332402,0.00524717,0.00972898,0.00192434,0.00537317,0.00612272,0.00218002,0.00312341,0.00490071,0.00688289,0.011171374540907815,0.002641620783685756,7.5,0.005212,
10.0,0.00291191,0.00255434,0.0026644,0.00717279,0.000949466,0.00426058,0.00907794,0.00895412,0.00542442,0.000941412,0.00357002,0.00199882,0.00341345,0.00605947,0.0015159,0.00217452,0.00320575,0.00109039,0.00148903,0.00331595,0.00279102,0.005829564065812059,0.0014545203985023613,10.0,0.002973,
