Period (s),Median Sa (g),Chi-Chi Taiwan-06\TCU076\E,Chi-Chi Taiwan\CHY042\N,Chi-Chi Taiwan\TCU088\E,Chi-Chi Taiwan\TCU088\N,Chi-Chi Taiwan\TCU089\E,Chi-Chi Taiwan\TCU089\N,Chi-Chi Taiwan\TCU138\W,Chuetsu-oki\Joetsu Uragawaraku Kamabucchi\NS,Chuetsu-oki\Matsushiro Tokamachi\NS,Chuetsu-oki\Sawa Mizuguti Tokamachi\EW,Hector Mine\Hector\0,Iwate\AKT019\NS,L'Aquila Italy\Celano\EAST,L'Aquila Italy\Fiamignano\EAST,Loma Prieta\San Jose - Santa Teresa Hills\225,Manjil Iran\Abbar\T,Nahanni Canada\Site 3\270,Tottori Japan\OKYH07\EW,Tottori Japan\OKYH07\NS,Tottori Japan\SMN015\EW,scaled_plus_sigma,scaled_minus_sigma,Period (s),Sa (g)
0.001,0.0378101,0.0344667,0.0262597,0.0654291,0.0541125,0.0318243,0.0260524,0.0240564,0.0406591,0.0312922,0.029489,0.0338909,0.0388105,0.0454509,0.0310549,0.0357365,0.02872,0.071563,0.0418404,0.0560825,0.0464734,0.05155093060133753,0.027731869150251727,0.001,0.038474
0.01,0.0384896,0.0346482,0.0263223,0.0666458,0.0547397,0.0318747,0.0260936,0.024112,0.041034,0.0313062,0.0294919,0.0339263,0.0395404,0.0460781,0.0312579,0.035855,0.0289155,0.0893023,0.0426067,0.0567215,0.0465898,0.05404327286093597,0.027412279636950598,0.01,0.038848
0.02,0.0408845,0.0360457,0.0265204,0.0736943,0.0586026,0.0320338,0.0263814,0.0243766,0.0425054,0.0313501,0.0295451,0.0339705,0.0421808,0.046356,0.0316064,0.0367439,0.029491,0.178824,0.0453196,0.05873,0.0469686,0.06450405036038533,0.025913757832431633,0.02,0.041507
0.03,0.0445334,0.0493374,0.0267514,0.101636,0.0875969,0.0321942,0.0281957,0.0244949,0.0466087,0.0316646,0.0303892,0.034749,0.0485552,0.0590208,0.0338691,0.0378836,0.0304747,0.127159,0.0531788,0.0628013,0.0485765,0.07044600074413332,0.028152396085098716,0.03,0.046951
0.05,0.0559638,0.0502856,0.0274335,0.135944,0.103399,0.0339841,0.0354288,0.0246174,0.0567362,0.0323676,0.0317652,0.03728,0.0995304,0.0600142,0.0351192,0.0509094,0.054936,0.17772,0.0959781,0.121986,0.0595163,0.1000017867310214,0.031318909519728044,0.05,0.059819
0.075,0.0742975,0.0520724,0.0292689,0.202371,0.142941,0.0422091,0.0420699,0.0359175,0.0805785,0.0406911,0.0472922,0.037893,0.11868,0.0655924,0.0471725,0.0932998,0.092733,0.175945,0.260972,0.203838,0.0534712,0.14568420560379258,0.03789098813678328,0.075,0.073306
0.1,0.0816872,0.073008,0.0378199,0.244743,0.232199,0.0589916,0.0493846,0.0374397,0.105523,0.0475995,0.0656653,0.0489906,0.130405,0.126973,0.0774395,0.103217,0.075804,0.111866,0.0871495,0.08484,0.0762651,0.13728448681004787,0.04860562761962131,0.1,0.079971
0.15,0.0891667,0.101413,0.049856,0.144491,0.110278,0.0744905,0.080535,0.0426177,0.132932,0.0736043,0.0997351,0.092372,0.0887629,0.130636,0.0711356,0.132735,0.0898314,0.118288,0.0574155,0.08735,0.0931733,0.12395488286081255,0.0641418894148587,0.15,0.08289
0.2,0.0761615,0.0649826,0.0780921,0.0942007,0.0619205,0.0874564,0.067151,0.0492735,0.103906,0.0846275,0.0695876,0.0841179,0.0854789,0.0942014,0.0646773,0.107744,0.0787078,0.0653284,0.0454038,0.0495795,0.150595,0.10190409090231142,0.05692189617598981,0.2,0.077275
0.25,0.0738381,0.0775562,0.0702558,0.0890012,0.0492182,0.0796233,0.103534,0.0533319,0.133642,0.0921284,0.0797851,0.0852943,0.0596416,0.167515,0.05318,0.076681,0.0622215,0.0579462,0.0264507,0.0712203,0.0953792,0.10907610597625157,0.04998404520231996,0.25,0.070008
0.3,0.0669054,0.0795535,0.0576987,0.0412891,0.0422401,0.0930609,0.0609951,0.0549549,0.0875873,0.117129,0.0758927,0.0603093,0.0520236,0.102935,0.0566524,0.0525463,0.0769322,0.0611787,0.032929,0.0848003,0.131482,0.09576111274875156,0.04674478418922047,0.3,0.063401
0.4,0.0556491,0.0496194,0.0765222,0.0566278,0.0421257,0.0797458,0.068786,0.0801047,0.0731204,0.0918932,0.0511576,0.0486094,0.0305148,0.034786,0.0666827,0.0839039,0.055536,0.0345574,0.0320822,0.0551903,0.0604477,0.07803199267407075,0.039686572451699584,0.4,0.051988
0.5,0.0446293,0.0759551,0.0691053,0.0270569,0.0358858,0.0525394,0.0510073,0.0522504,0.0416645,0.0754194,0.0460441,0.0522305,0.0277031,0.0286432,0.0550152,0.0528042,0.0521728,0.0230343,0.0204865,0.0688608,0.0466245,0.06596680058313507,0.030193588303253444,0.5,0.043922
0.75,0.0326305,0.0650215,0.0402622,0.0274397,0.0449893,0.0440537,0.042102,0.0370141,0.0231235,0.0516988,0.0407603,0.039525,0.0228546,0.015593,0.0578046,0.0422211,0.0322881,0.017033,0.0142288,0.0273476,0.0235462,0.05028975778513741,0.021172293865465288,0.75,0.033281
1.0,0.0264752,0.0366858,0.0416315,0.012233,0.0136325,0.0385654,0.0377151,0.043922,0.0175086,0.0346513,0.0459998,0.0445428,0.0338765,0.0185155,0.0552322,0.024688,0.029685,0.00954236,0.0207122,0.012766,0.0220941,0.04445597820668822,0.015766973156706898,1.0,0.025499
1.5,0.0175384,0.0133,0.0227936,0.00747281,0.00811283,0.020274,0.0276058,0.0250357,0.010844,0.021878,0.0293669,0.0315037,0.0150081,0.0142202,0.0230267,0.0180648,0.0249112,0.0222442,0.0187626,0.009773,0.0148709,0.026784001832233333,0.011484298593118475,1.5,0.01696
2.0,0.0131173,0.010753,0.0158336,0.00878299,0.0103945,0.0133741,0.012413,0.0220126,0.0119669,0.00919768,0.0308735,0.012551,0.015564,0.00654133,0.0164423,0.00754671,0.0242714,0.0151486,0.0192197,0.0134787,0.00780293,0.019666604016971127,0.008749022410860525,2.0,0.012979
3.0,0.00817192,0.0133686,0.0100568,0.00380047,0.00554558,0.010817,0.0103234,0.0149159,0.00714662,0.00800302,0.00851485,0.00804448,0.0210415,0.00648191,0.00867078,0.00361697,0.0130301,0.00642004,0.0118416,0.00484448,0.00464747,0.013047008677544825,0.005118435814435791,3.0,0.008649
4.0,0.00606941,0.00916321,0.0122609,0.0025247,0.00282818,0.00528947,0.00924196,0.0201131,0.00357305,0.00822983,0.00566981,0.00545928,0.00960332,0.00660319,0.00893553,0.00382478,0.00488724,0.00402763,0.0112715,0.00273234,0.00487886,0.010596612780121698,0.0034763691485645595,4.0,0.006175
5.0,0.00456626,0.00466077,0.0118455,0.00204225,0.00182207,0.00651131,0.00681906,0.0100321,0.0029869,0.00344251,0.00429633,0.00489477,0.00424562,0.00566032,0.00522111,0.00403191,0.00440034,0.00351482,0.00832568,0.00288128,0.00418191,0.007352272794054161,0.0028359571212404067,5.0,0.004615
7.5,0.00255838,0.00136317,0.00418297,0.00190195,0.00294326,0.00277924,0.00340018,0.00568727,0.0032515,0.00320856,0.00294235,0.00354251,0.00139253,0.00249467,0.00230366,0.00330274,0.00270223,0.000622842,0.00365229,0.00192951,0.00246757,0.004130387572049167,0.0015846716827962808,7.5,0.002515
10.0,0.0013907,0.000727,0.00261439,0.000867843,0.00246505,0.00140626,0.00223707,0.00265141,0.00117354,0.0016124,0.00151815,0.00237664,0.000576906,0.00122192,0.00157269,0.0020549,0.000968253,0.000349456,0.00198933,0.00144229,0.00142996,0.002379968417178882,0.0008126353593769703,10.0,0.001564
