Median RMSE,0.065903
Median Max Error (%),11.7499
Std RMSE,0.426882
Sigma Inf,1
Name,Scale,PGA (g),PGV (cm/s),PGD (cm),Dur. 5-75 (s),Dur. 5-95 (s),Details,
Chi-Chi Taiwan-03\TCU076\N,3.4741,0.5595,72.6038,34.5742,3.6950,12.4900,"Chi-Chi Taiwan-03, 9/20/1999, TCU076, N",
Chi-Chi Taiwan\TCU088\E,2.1137,1.0967,29.6535,13.4684,5.3550,9.9750,"Chi-Chi Taiwan, 9/20/1999, TCU088, E",
Chi-Chi Taiwan\TCU088\N,1.7468,0.9197,60.7489,50.7177,5.1050,9.2350,"Chi-Chi Taiwan, 9/20/1999, TCU088, N",
Chi-Chi Taiwan\TCU089\E,1.5306,0.5408,53.5337,28.5838,19.3000,24.1150,"Chi-Chi Taiwan, 9/20/1999, TCU089, E",
Chi-Chi Taiwan\TCU089\N,1.9310,0.4429,63.9897,49.8503,21.7800,24.8550,"Chi-Chi Taiwan, 9/20/1999, TCU089, N",
Chi-Chi Taiwan\TCU138\W,1.9833,0.4088,70.7191,72.0935,21.3240,33.9440,"Chi-Chi Taiwan, 9/20/1999, TCU138, W",
Chuetsu-oki\Kawaguchi\NS,4.1828,0.6141,31.6718,17.7485,7.6100,22.5100,"Chuetsu-oki, 7/16/2007, Kawaguchi, NS",
Chuetsu-oki\Sawa Mizuguti Tokamachi\EW,4.0237,0.5014,63.5016,32.7955,8.0400,21.1900,"Chuetsu-oki, 7/16/2007, Sawa Mizuguti Tokamachi, EW",
Hector Mine\Hector\0,2.1642,0.5745,56.2828,42.7488,6.3600,11.6700,"Hector Mine, 10/16/1999, Hector, 0",
Iwate\AKT019\EW,3.7438,0.6658,49.9963,35.7769,8.8100,17.2500,"Iwate, 6/13/2008, AKT019, EW",
Iwate\IWT010\EW,2.0882,0.6027,54.8148,36.0075,7.8100,22.7700,"Iwate, 6/13/2008, IWT010, EW",
Iwate\IWT010\NS,2.3924,0.5396,52.1291,19.0103,9.3100,19.6500,"Iwate, 6/13/2008, IWT010, NS",
Iwate\Machimukai Town\NS,2.7711,0.4629,60.6027,32.1248,15.9200,27.3000,"Iwate, 6/13/2008, Machimukai Town, NS",
L'Aquila Italy\Celano\EAST,9.3028,0.7630,45.5579,28.9745,2.5500,6.6300,"L'Aquila Italy, 4/6/2009, Celano, EAST",
Loma Prieta\San Jose - Santa Teresa Hills\225,2.1944,0.6065,61.9410,50.8595,6.1850,10.1300,"Loma Prieta, 10/18/1989, San Jose - Santa Teresa Hills, 225",
Manjil Iran\Abbar\L,1.1485,0.5910,48.7460,17.0719,7.4000,28.6600,"Manjil Iran, 6/20/1990, Abbar, L",
Manjil Iran\Abbar\T,0.9312,0.4627,47.0940,22.1577,10.8600,29.1000,"Manjil Iran, 6/20/1990, Abbar, T",
Nahanni Canada\Site 1\280,0.9476,1.1377,38.4827,9.6650,7.2150,7.3300,"Nahanni Canada, 12/23/1985, Site 1, 280",
Tottori Japan\OKYH14\EW,2.7769,1.2570,64.4580,17.3224,4.3900,13.3900,"Tottori Japan, 10/6/2000, OKYH14, EW",
Tottori Japan\SMN015\EW,2.8849,0.7891,44.0565,54.0992,3.6700,9.3000,"Tottori Japan, 10/6/2000, SMN015, EW",


Period (s),Median Sa (g),Sigma_ln,Chi-Chi Taiwan-03\TCU076\N,Chi-Chi Taiwan\TCU088\E,Chi-Chi Taiwan\TCU088\N,Chi-Chi Taiwan\TCU089\E,Chi-Chi Taiwan\TCU089\N,Chi-Chi Taiwan\TCU138\W,Chuetsu-oki\Kawaguchi\NS,Chuetsu-oki\Sawa Mizuguti Tokamachi\EW,Hector Mine\Hector\0,Iwate\AKT019\EW,Iwate\IWT010\EW,Iwate\IWT010\NS,Iwate\Machimukai Town\NS,L'Aquila Italy\Celano\EAST,Loma Prieta\San Jose - Santa Teresa Hills\225,Manjil Iran\Abbar\L,Manjil Iran\Abbar\T,Nahanni Canada\Site 1\280,Tottori Japan\OKYH14\EW,Tottori Japan\SMN015\EW
0.001,0.653226,0.322561,0.561154,1.11259,0.920158,0.541156,0.443009,0.409068,0.657192,0.501446,0.576298,0.68927,0.641664,0.540901,0.464463,0.77287,0.607681,0.640355,0.488369,1.1535,1.25718,0.790257
0.01,0.658709,0.32718,0.563737,1.13328,0.930822,0.542014,0.443709,0.410013,0.668766,0.501496,0.5769,0.701569,0.649951,0.54358,0.468248,0.783535,0.609697,0.643577,0.491694,1.18934,1.26103,0.792236
0.02,0.684962,0.352857,0.616745,1.25314,0.996508,0.544719,0.448603,0.414512,0.722574,0.5024,0.577652,0.744927,0.681867,0.55104,0.484549,0.788261,0.624813,0.654908,0.50148,1.41807,1.27151,0.798678
0.03,0.765359,0.419881,0.606158,1.72828,1.48954,0.547448,0.479454,0.416524,0.995869,0.516753,0.59089,0.873163,0.834023,0.764582,0.474459,1.00362,0.644192,0.676635,0.518207,1.42104,1.30435,0.826021
0.05,1.0221,0.482486,0.753912,2.31166,1.75824,0.577883,0.60245,0.418608,1.09444,0.540151,0.633929,1.86034,1.28836,1.13854,0.856075,1.02051,0.86569,1.33186,0.93416,2.06483,1.72415,1.01205
0.075,1.27783,0.497613,0.856394,3.44123,2.43065,0.717745,0.715378,0.61076,1.30595,0.804181,0.644352,2.31476,1.47046,1.2545,1.15776,1.11537,1.58652,1.44136,1.57688,2.47522,1.98065,0.909252
0.1,1.52836,0.532931,0.746888,4.16174,3.94843,1.00312,0.839761,0.636644,2.06441,1.11661,0.833062,2.21026,1.75331,1.17914,1.24,2.15911,1.75516,1.45327,1.28901,2.63248,2.78627,1.29685
0.15,1.66808,0.396829,0.899024,2.457,1.87522,1.26668,1.36946,0.724694,1.52991,1.69595,1.57074,2.27518,1.68546,1.16349,1.41237,2.2214,2.25709,2.38463,1.52754,1.54407,4.656,1.58437
0.2,1.55793,0.277623,1.59202,1.60184,1.05293,1.48715,1.14187,0.837873,1.68933,1.1833,1.43038,2.60201,1.71107,1.49678,1.43993,1.60185,1.83214,1.99329,1.33839,2.13415,1.58197,2.56079
0.25,1.3613,0.268207,1.80864,1.51342,0.836932,1.35396,1.76054,0.906883,1.43004,1.35671,1.45039,1.34605,1.04577,1.29024,1.02775,2.8485,1.30392,1.43501,1.05805,1.37455,1.46049,1.62188
0.3,1.15762,0.334436,1.72838,0.702101,0.718273,1.58246,1.03719,0.934482,1.29634,1.29052,1.02553,1.04144,1.10096,1.47329,0.575877,1.75036,0.893525,1.32703,1.3082,1.31902,1.04541,2.23578
0.4,0.928101,0.367035,1.42874,0.962929,0.716328,1.35604,1.16967,1.36214,0.885657,0.869911,0.82658,0.788643,0.903285,1.43176,0.376825,0.591518,1.42675,1.2514,0.944363,0.867427,0.485204,1.02788
0.5,0.724803,0.288136,0.842028,0.46009,0.610221,0.893408,0.867355,0.888492,0.83767,0.782958,0.888154,0.680763,0.768918,0.995211,0.311767,0.487064,0.89791,0.735629,0.887173,0.795813,0.577369,0.792827
0.75,0.570792,0.306472,0.988074,0.4666,0.765021,0.749112,0.715925,0.629408,0.494521,0.69311,0.672104,0.442806,0.471489,0.562332,0.446345,0.265152,0.717949,0.768214,0.549044,0.685348,0.42556,0.400392
1,0.466016,0.368635,0.574297,0.208017,0.231815,0.655786,0.641328,0.746872,0.494715,0.782204,0.75743,0.377942,0.585873,0.58072,0.413012,0.314848,0.419807,0.406978,0.50478,0.459234,0.367852,0.3757
1.5,0.304272,0.448986,0.395656,0.127071,0.137955,0.344749,0.469423,0.425719,0.338328,0.49937,0.535705,0.210194,0.518538,0.4495,0.370278,0.241808,0.307184,0.214768,0.423603,0.155502,0.221902,0.252872
2,0.221974,0.442204,0.234778,0.149351,0.176753,0.22742,0.211078,0.374313,0.221878,0.524989,0.213424,0.208578,0.388934,0.31466,0.366392,0.111232,0.128328,0.193835,0.412724,0.140402,0.153115,0.132685
3,0.133281,0.476981,0.128139,0.0646252,0.0942999,0.183938,0.175544,0.253637,0.116627,0.144791,0.136792,0.145091,0.208803,0.21007,0.343943,0.110222,0.0615048,0.114163,0.221571,0.109981,0.0649188,0.079028
4,0.0936551,0.584889,0.0717285,0.0429314,0.0480918,0.089945,0.157155,0.342014,0.0736079,0.0964125,0.0928324,0.073242,0.0989031,0.131041,0.410987,0.112284,0.0650386,0.100318,0.0831052,0.0735483,0.0394301,0.0829627
5,0.0670722,0.504692,0.0714149,0.0347275,0.0309834,0.110722,0.115955,0.170591,0.0597924,0.0730571,0.0832333,0.0513708,0.0411844,0.0511782,0.178664,0.096251,0.0685607,0.0625321,0.0748257,0.0304575,0.0428887,0.0711114
7.5,0.0383069,0.536713,0.0541557,0.0323418,0.0500488,0.0472597,0.0578185,0.0967094,0.0285713,0.0500333,0.0602386,0.0227368,0.0157926,0.0248999,0.0702307,0.0424206,0.0561615,0.0318153,0.0459502,0.00999657,0.0252996,0.0419598
10,0.0198514,0.597742,0.0246681,0.0147573,0.0419169,0.0239128,0.0380403,0.0450859,0.0158817,0.0258154,0.0404137,0.0116804,0.0104365,0.00889846,0.0368096,0.0207782,0.0349425,0.0112699,0.0164647,0.00546521,0.0121857,0.0243158
