Period (s),Sa (g),Sigma Ln
0.001,0.104849694,0.566551526
0.01,0.105341138,0.567191888
0.02,0.105511728,0.573020929
0.03,0.109126523,0.582581856
0.05,0.124507247,0.603472728
0.075,0.154546098,0.621776867
0.1,0.18717676,0.625423777
0.15,0.237255436,0.610891729
0.2,0.273005527,0.597584663
0.25,0.29116899,0.594766028
0.3,0.299131263,0.604320346
0.4,0.279521767,0.61767004
0.5,0.2588528,0.632385703
0.75,0.202730179,0.663019212
1,0.157020093,0.683166356
1.5,0.106452537,0.693646564
2,0.075857108,0.696959692
3,0.04738285,0.697976464
4,0.031261166,0.687625282
5,0.022145782,0.689642993
7.5,0.01083802,0.68691464
10,0.005992477,0.677497609
