Periods,Median,+1 sigma,+2 sigma,+3 sigma,Sigma,Max dir factors,DSHA MCE
0.001,0.508087453,0.828883045,1.35603749,2.224905289,0.58996391,1.2,0.994659654
0.01,0.51082574,0.834063605,1.365731756,2.24290832,0.590862179,1.2,1.000876326
0.02,0.513816138,0.841712807,1.389439773,2.293400914,0.593370003,1.2,1.010055368
0.03,0.64619311,1.050160417,1.40771142,2.340910782,0.604521657,1.200510204,1.260728297
0.05,0.669064415,1.106460344,1.54573281,2.6332052,0.633279816,1.201530612,1.329445975
0.075,0.625920539,1.062946929,1.825909333,3.176124045,0.657222707,1.202806122,1.278519074
0.1,0.796268386,1.341054749,2.066091767,3.57642478,0.663291018,1.204081633,1.614739392
0.15,0.867799707,1.43548174,2.393865141,4.027553338,0.647809259,1.206632653,1.73209914
0.2,1.0215071,1.667487235,2.733438058,4.500954372,0.634669949,1.209183673,2.01629834
0.25,1.137952708,1.859864704,3.04786816,5.008793646,0.627844936,1.211734694,2.253662588
0.3,1.240622264,2.060880539,3.428818272,5.714124356,0.634585011,1.214285714,2.502497798
0.4,1.271168358,2.184733372,3.757410548,6.46672628,0.64180472,1.219387755,2.664037122
0.5,1.229251282,2.170066601,3.832898671,6.773428007,0.654036343,1.224489796,2.657224409
0.75,1.056862938,1.965074033,3.656725765,6.810190134,0.682558251,1.237244898,2.431277822
1,0.866398726,1.663221454,3.195719443,6.145722946,0.693389999,1.25,2.079026818
1.5,0.608465307,1.20036688,2.369262669,4.678790875,0.69910808,1.252777778,1.503792953
2,0.441249256,0.88104067,1.759455674,3.514238095,0.698822266,1.255555556,1.106195508
3,0.26903727,0.540864984,1.087559508,2.187281162,0.697039295,1.261111111,0.682090841
4,0.165603189,0.329112899,0.654179848,1.300546674,0.687611359,1.266666667,0.416876339
5,0.11396913,0.227015264,0.452261459,0.901136978,0.689916419,1.272222222,0.288813864
7.5,0.050160793,0.099721089,0.198266394,0.394231034,0.686648538,1.286111111,0.1282524
10,0.028179605,0.055682482,0.110060352,0.217605525,0.676945986,1.3,0.072387227
