 PEER Ground Motion Database, Time Series Search Report -- NGA-West2 -- 2025-10-20,,,,,,,,,,,,,,,,,,,,,,,,,,,,,,,,,,,
,,,,,,,,,,,,,,,,,,,,,,,,,,,,,,,,,,,,
,,,,,,,,,,,,,,,,,,,,,,,,,,,,,,,,,,,,
 -- Summary of PEER Ground Motion Database Search Criteria --,,,,,,,,,,,,,,,,,,,,,,,,,,,,,,,,,,,,
Magnitude Min:,6,,,,,,,,,,,,,,,,,,,,,,,,,,,,,,,,,,,
Magnitude Max:,8,,,,,,,,,,,,,,,,,,,,,,,,,,,,,,,,,,,
Rrup Min (km):,0,,,,,,,,,,,,,,,,,,,,,,,,,,,,,,,,,,,
Rrup Max (km):,30,,,,,,,,,,,,,,,,,,,,,,,,,,,,,,,,,,,
Rjb Min (km):,0,,,,,,,,,,,,,,,,,,,,,,,,,,,,,,,,,,,
Rjb Max (km):,30,,,,,,,,,,,,,,,,,,,,,,,,,,,,,,,,,,,
Vs30 Min (m/sec):,315,,,,,,,,,,,,,,,,,,,,,,,,,,,,,,,,,,,
Vs30 Max (m/sec):,325,,,,,,,,,,,,,,,,,,,,,,,,,,,,,,,,,,,
D9-95 Min (sec):,-1.00E-06,,,,,,,,,,,,,,,,,,,,,,,,,,,,,,,,,,,
D9-95 Max (sec):,99999,,,,,,,,,,,,,,,,,,,,,,,,,,,,,,,,,,,
Scale Factor Min:,-1.00E-06,,,,,,,,,,,,,,,,,,,,,,,,,,,,,,,,,,,
Scale Factor Max:,99999,,,,,,,,,,,,,,,,,,,,,,,,,,,,,,,,,,,
Period Array:, ,,,,,,,,,,,,,,,,,,,,,,,,,,,,,,,,,,,
Weight Array:, ,,,,,,,,,,,,,,,,,,,,,,,,,,,,,,,,,,,
Record Sequence Number:, ,,,,,,,,,,,,,,,,,,,,,,,,,,,,,,,,,,,
Earthquake Name:, ,,,,,,,,,,,,,,,,,,,,,,,,,,,,,,,,,,,
Station Name:, ,,,,,,,,,,,,,,,,,,,,,,,,,,,,,,,,,,,
User-Defined Maximum Number of Records:, ,,,,,,,,,,,,,,,,,,,,,,,,,,,,,,,,,,,
Pulse:,3,,,,,,,,,,,,,,,,,,,,,,,,,,,,,,,,,,,
Damping Ratio:,0.05,,,,,,,,,,,,,,,,,,,,,,,,,,,,,,,,,,,
Scaling Method:, No Scaling,,,,,,,,,,,,,,,,,,,,,,,,,,,,,,,,,,,
Suite Average:, Arithmetic,,,,,,,,,,,,,,,,,,,,,,,,,,,,,,,,,,,
Single-Period-Scaling Period (sec):, ,,,,,,,,,,,,,,,,,,,,,,,,,,,,,,,,,,,
Component:, SRSS,,,,,,,,,,,,,,,,,,,,,,,,,,,,,,,,,,,
Fault Type:, SS+Reverse,,,,,,,,,,,,,,,,,,,,,,,,,,,,,,,,,,,
,,,,,,,,,,,,,,,,,,,,,,,,,,,,,,,,,,,,
,,,,,,,,,,,,,,,,,,,,,,,,,,,,,,,,,,,,
 -- Summary of Metadata of Selected Records --,,,,,,,,,,,,,,,,,,,,,,,,,,,,,,,,,,,,
Result ID, Spectral Ordinate, Record Sequence Number, Mean Squared Error, Scale Factor, Tp-Pulse Period (sec), 5-75% Duration (sec), 5-95% Duration (sec), Arias Intensity (m/sec), Earthquake Name, Year, Station Name, Magnitude, Mechanism, Rjb (km), Rrup (km), Vs30 (m/sec), Lowest Useable Frequency (Hz), Initial-search Scale Factor, Horizontal-1 Acc. Filename, Horizontal-2 Acc. Filename, Vertical Acc. Filename,,,,,,,,,,,,,,,
1, SRSS,68, -,1, -,5.2,13.4,0.7," ""San Fernando""",1971," ""LA - Hollywood Stor FF""",6.61, Reverse,22.77,22.77,316.46,0.1,1, RSN68_SFERN_PEL090.AT2, RSN68_SFERN_PEL180.AT2 , RSN68_SFERN_PEL-UP.AT2  ,,,,,,,,,,,,,,,
2, SRSS,138, -,1, -,14.6,19.5,0.3," ""Tabas_ Iran""",1978," ""Boshrooyeh""",7.35, Reverse,24.07,28.79,324.57,0.15625,1, RSN138_TABAS_BOS-L1.AT2, RSN138_TABAS_BOS-T1.AT2 , RSN138_TABAS_BOS-V1.AT2  ,,,,,,,,,,,,,,,
3, SRSS,558, -,1, -,2.6,8.1,2," ""Chalfant Valley-02""",1986," ""Zack Brothers Ranch""",6.19, strike slip,6.44,7.58,316.19,0.125,1, RSN558_CHALFANT.A_A-ZAK270.AT2, RSN558_CHALFANT.A_A-ZAK360.AT2 , RSN558_CHALFANT.A_A-ZAK-UP.AT2  ,,,,,,,,,,,,,,,
4, SRSS,724, -,1, -,9,13.3,0.6," ""Superstition Hills-02""",1987," ""Plaster City""",6.54, strike slip,22.25,22.25,316.64,0.4125,1, RSN724_SUPER.B_B-PLS045.AT2, RSN724_SUPER.B_B-PLS135.AT2 ,  -----   ,,,,,,,,,,,,,,,
5, SRSS,725, -,1, -,11.2,13.7,2.1," ""Superstition Hills-02""",1987," ""Poe Road (temp)""",6.54, strike slip,11.16,11.16,316.64,0.1625,1, RSN725_SUPER.B_B-POE270.AT2, RSN725_SUPER.B_B-POE360.AT2 ,  -----   ,,,,,,,,,,,,,,,
6, SRSS,987, -,1, -,5.8,12.2,1," ""Northridge-01""",1994," ""LA - Centinela St""",6.69, Reverse,20.36,28.3,321.91,0.1625,1, RSN987_NORTHR_CEN155.AT2, RSN987_NORTHR_CEN245.AT2 , RSN987_NORTHR_CEN-UP.AT2  ,,,,,,,,,,,,,,,
7, SRSS,995, -,1, -,6.4,12,2," ""Northridge-01""",1994," ""LA - Hollywood Stor FF""",6.69, Reverse,19.73,24.03,316.46,0.2,1, RSN995_NORTHR_PEL090.AT2, RSN995_NORTHR_PEL360.AT2 , RSN995_NORTHR_PEL-UP.AT2  ,,,,,,,,,,,,,,,
8, SRSS,998, -,1, -,5.7,10,1.4," ""Northridge-01""",1994," ""LA - N Westmoreland""",6.69, Reverse,23.4,26.73,315.06,0.2875,1, RSN998_NORTHR_WST000.AT2, RSN998_NORTHR_WST270.AT2 , RSN998_NORTHR_WST-UP.AT2  ,,,,,,,,,,,,,,,
9, SRSS,1082, -,1, -,5.8,16.7,1.5," ""Northridge-01""",1994," ""Sun Valley - Roscoe Blvd""",6.69, Reverse,5.59,10.05,320.93,0.125,1, RSN1082_NORTHR_RO3000.AT2, RSN1082_NORTHR_RO3090.AT2 , RSN1082_NORTHR_RO3-UP.AT2  ,,,,,,,,,,,,,,,
10, SRSS,1660, -,1, -,0.9,3.7,0.1," ""Northridge-02""",1994," ""LA - Hollywood Stor FF""",6.05, Reverse,18.49,20.68,316.46,1.2,1, RSN1660_NORTH001_PEL090.AT2, RSN1660_NORTH001_PEL360.AT2 , RSN1660_NORTH001_PEL-UP.AT2  ,,,,,,,,,,,,,,,
11, SRSS,4136, -,1, -,4.8,8.3,0.3," ""Parkfield-02_ CA""",2004," ""Parkfield - Vineyard Cany 5W""",6, strike slip,9.2,9.67,320.39,0.375,1, RSN4136_PARK2004_VC5090.AT2, RSN4136_PARK2004_VC5360.AT2 , RSN4136_PARK2004_VC5-UP.AT2  ,,,,,,,,,,,,,,,
12, SRSS,4861, -,1, -,10.7,19.5,2.1," ""Chuetsu-oki_ Japan""",2007," ""Nakanoshima Nagaoka""",6.8, Reverse,10.73,19.89,319,0.125,1, RSN4861_CHUETSU_65034NS.AT2, RSN4861_CHUETSU_65034EW.AT2 , RSN4861_CHUETSU_65034UD.AT2  ,,,,,,,,,,,,,,,
,,,,,,,,,,,,,,,,,,,,,,,,,,,,,,,,,,,,
 These records were obtained from the NGA-West2 On-Line Ground-Motion Database Tool,,,,,,,,,,,,,,,,,,,,,,,,,,,,,,,,,,,,
 These records are UNSCALED, AS RECORDED,,,,,,,,,,,,,,,,,,,,,,,,,,,,,,,,,,,
 Filename Extension: ,,,,,,,,,,,,,,,,,,,,,,,,,,,,,,,,,,,,
   ,AT2 = Acceleration,,,,,,,,,,,,,,,,,,,,,,,,,,,,,,,,,,,
   ,VT2 = Velocity,,,,,,,,,,,,,,,,,,,,,,,,,,,,,,,,,,,
   ,DT2 = Displacement,,,,,,,,,,,,,,,,,,,,,,,,,,,,,,,,,,,
 The users of the NGA-West2 databases, flatfiles, models and reports are requested to acknowledge the Pacific Earthquake Engineering Research Center (PEER) in their work and publications.,,,,,,,,,,,,,,,,,,,,,,,,,,,,,,,,,,
,,,,,,,,,,,,,,,,,,,,,,,,,,,,,,,,,,,,
 -- Scaled Spectra used in Search & Scaling --,,,,,,,,,,,,,,,,,,,,,,,,,,,,,,,,,,,,
Period (sec),Arithmetic Mean pSa (g),Arithmetic Mean + Sigma pSa (g),Arithmetic Mean - Sigma pSa (g),RSN-68 SRSS pSa (g),RSN-138 SRSS pSa (g),RSN-558 SRSS pSa (g),RSN-724 SRSS pSa (g),RSN-725 SRSS pSa (g),RSN-987 SRSS pSa (g),RSN-995 SRSS pSa (g),RSN-998 SRSS pSa (g),RSN-1082 SRSS pSa (g),RSN-1660 SRSS pSa (g),RSN-4136 SRSS pSa (g),RSN-4861 SRSS pSa (g),,,,,,,,,,,,,,,,,,,,,
0.01,0.40920848,0.59859221,0.27974234,0.30656151,0.13659387,0.60064323,0.24421965,0.55944191,0.56544421,0.43238846,0.55405758,0.52959283,0.2342692,0.25994316,0.4873462,,,,,,,,,,,,,,,,,,,,,
0.02,0.41192031,0.59740286,0.28402666,0.34134292,0.13745384,0.60314374,0.24255748,0.56085537,0.56232957,0.43424543,0.54860012,0.52732846,0.2352047,0.26411744,0.48586463,,,,,,,,,,,,,,,,,,,,,
0.022,0.41791123,0.60063799,0.29077381,0.35836851,0.14034367,0.60846229,0.24342946,0.56549678,0.56359076,0.45563573,0.54650363,0.52955435,0.25478346,0.26354465,0.48522145,,,,,,,,,,,,,,,,,,,,,
0.025,0.42105913,0.60009573,0.29543752,0.40683993,0.14391261,0.61200645,0.24466897,0.55593149,0.56942634,0.43370547,0.55042988,0.52875132,0.25819522,0.2673575,0.48148443,,,,,,,,,,,,,,,,,,,,,
0.029,0.43650698,0.62780576,0.30349888,0.44014309,0.1373391,0.62436232,0.24639679,0.60202718,0.59546847,0.44195041,0.5526028,0.53497128,0.26263614,0.2730204,0.52716579,,,,,,,,,,,,,,,,,,,,,
0.03,0.43877749,0.63332417,0.30399233,0.43834324,0.13904221,0.62455048,0.24673903,0.61302252,0.6048009,0.43658272,0.55117953,0.54276009,0.25763342,0.27591957,0.53475622,,,,,,,,,,,,,,,,,,,,,
0.032,0.43917037,0.63716351,0.30270191,0.43524165,0.1385907,0.63679792,0.24748099,0.56895945,0.62192629,0.42430243,0.55256009,0.54770036,0.24742026,0.27951835,0.56954594,,,,,,,,,,,,,,,,,,,,,
0.035,0.44669819,0.65782304,0.30333275,0.41969735,0.13709867,0.67982679,0.25165929,0.58264614,0.62461476,0.42895097,0.55066767,0.5409216,0.2429196,0.28032189,0.62105351,,,,,,,,,,,,,,,,,,,,,
0.036,0.44882791,0.66482042,0.30300889,0.40720221,0.13771594,0.69028083,0.25220504,0.57662258,0.63524701,0.43150282,0.55562434,0.5447975,0.24242873,0.27876331,0.63354465,,,,,,,,,,,,,,,,,,,,,
0.04,0.46396184,0.69193191,0.31110083,0.395366,0.14061498,0.70454336,0.2546466,0.63555511,0.64811246,0.43471986,0.57590972,0.57582355,0.24117409,0.30410246,0.65697392,,,,,,,,,,,,,,,,,,,,,
0.042,0.46540176,0.69208201,0.31296696,0.40685632,0.1404427,0.71458793,0.257428,0.59125308,0.64099448,0.43553064,0.583115,0.58406197,0.24444797,0.30727376,0.67882932,,,,,,,,,,,,,,,,,,,,,
0.044,0.47040707,0.69982957,0.31619528,0.42189893,0.13979112,0.72308765,0.26056495,0.58767051,0.64216319,0.43585877,0.5863445,0.58375792,0.25324874,0.3063076,0.70419091,,,,,,,,,,,,,,,,,,,,,
0.045,0.47151854,0.70299034,0.31626285,0.41605025,0.14005232,0.72564697,0.26127803,0.60295765,0.64675064,0.43559951,0.58698223,0.58252814,0.25900309,0.298153,0.7032206,,,,,,,,,,,,,,,,,,,,,
0.046,0.47666783,0.71380406,0.31831175,0.41409118,0.14071783,0.74049596,0.26162631,0.63745064,0.6561441,0.43422907,0.58861762,0.58473647,0.26464245,0.29623417,0.70102819,,,,,,,,,,,,,,,,,,,,,
0.048,0.49469862,0.75217407,0.32535916,0.42304748,0.1402333,0.76965968,0.2620175,0.75851582,0.66977845,0.43678587,0.59570002,0.59735762,0.27481217,0.30148386,0.70699168,,,,,,,,,,,,,,,,,,,,,
0.05,0.50883701,0.78241206,0.33091911,0.44334729,0.13991766,0.77531189,0.26200695,0.85564411,0.66764983,0.44860333,0.59944906,0.5942306,0.28248776,0.31039636,0.72699925,,,,,,,,,,,,,,,,,,,,,
0.055,0.51491694,0.78127659,0.33936695,0.46735147,0.14711704,0.80414283,0.26998224,0.81427276,0.66802387,0.47071273,0.60028743,0.58842267,0.29184223,0.31157905,0.74526894,,,,,,,,,,,,,,,,,,,,,
0.06,0.5421447,0.8086354,0.36347762,0.45987733,0.14867582,0.82915843,0.26719668,0.77338314,0.7504483,0.49679412,0.63794348,0.65600016,0.34051172,0.37206941,0.77367776,,,,,,,,,,,,,,,,,,,,,
0.065,0.57588029,0.84809609,0.39103837,0.46774257,0.15187761,0.83910223,0.27814259,0.81316245,0.84777561,0.53202034,0.70784729,0.65425536,0.37901016,0.46395464,0.77567265,,,,,,,,,,,,,,,,,,,,,
0.067,0.58592914,0.86296985,0.39782728,0.47662461,0.15439652,0.86903667,0.2795327,0.81776629,0.88711534,0.54289031,0.71538822,0.65342472,0.38226051,0.49787897,0.75483477,,,,,,,,,,,,,,,,,,,,,
0.07,0.59409646,0.87430511,0.40369272,0.52223688,0.16039903,0.9301283,0.28390617,0.78132496,0.87993402,0.56090215,0.72874252,0.64703577,0.37646806,0.48527166,0.77280805,,,,,,,,,,,,,,,,,,,,,
0.075,0.60398879,0.87121027,0.41873067,0.61374337,0.16973333,0.93556449,0.29247351,0.66761269,0.85381087,0.59481478,0.71961171,0.67313941,0.389066,0.50724286,0.83105248,,,,,,,,,,,,,,,,,,,,,
0.08,0.62288974,0.87723378,0.44228988,0.71247176,0.17810516,0.92109705,0.31549394,0.64006217,0.84248555,0.67495238,0.72500837,0.63312447,0.40855479,0.58297246,0.84034873,,,,,,,,,,,,,,,,,,,,,
0.085,0.65356647,0.93813412,0.45531777,0.75114938,0.19032399,0.95866385,0.31980561,0.61578458,1.00091389,0.78107249,0.73499327,0.69324142,0.41784161,0.55464517,0.82436239,,,,,,,,,,,,,,,,,,,,,
0.09,0.67041526,0.98097059,0.45817543,0.85860437,0.19314675,0.94892678,0.31661623,0.63728309,1.10759113,0.77393929,0.71599411,0.76322638,0.41976449,0.51604064,0.79384984,,,,,,,,,,,,,,,,,,,,,
0.095,0.67756382,0.96398846,0.47624297,0.86582452,0.21165924,0.92992294,0.32427851,0.69090723,1.05005744,0.78066856,0.70395527,0.76604982,0.44448081,0.55620963,0.80675182,,,,,,,,,,,,,,,,,,,,,
0.1,0.71348739,1.01019413,0.50392716,0.84552615,0.21673223,1.07101409,0.33493316,0.70652245,1.06482668,0.85586109,0.74652229,0.8080142,0.50719949,0.64427136,0.7604255,,,,,,,,,,,,,,,,,,,,,
0.11,0.80306799,1.14026657,0.56558546,0.81707344,0.24889924,1.15664358,0.38052416,0.79797264,1.22383057,1.100375,0.89165151,0.91889036,0.58709926,0.79356498,0.72029109,,,,,,,,,,,,,,,,,,,,,
0.12,0.86961389,1.2416997,0.60902673,0.90987883,0.27930939,1.08526861,0.39010729,0.97875757,1.38177723,1.07269352,0.98219722,1.15944735,0.59159822,0.9167451,0.68758632,,,,,,,,,,,,,,,,,,,,,
0.13,0.93342546,1.38753556,0.62793568,0.79678217,0.29613172,1.17274405,0.42734809,1.21346689,1.67980454,1.22631489,1.10063548,1.03332229,0.61288935,0.91451742,0.72714859,,,,,,,,,,,,,,,,,,,,,
0.133,0.93986487,1.40180644,0.63014832,0.81398398,0.2867254,1.20090928,0.43375854,1.19947788,1.67946428,1.25313358,1.14644141,1.04426335,0.615551,0.89803447,0.70663526,,,,,,,,,,,,,,,,,,,,,
0.14,0.92944574,1.41159834,0.61197959,0.73350046,0.28171685,1.2170398,0.44559613,1.05934738,1.70401977,1.2822465,1.2421448,1.07229608,0.62749835,0.83361105,0.6543317,,,,,,,,,,,,,,,,,,,,,
0.15,0.93532825,1.41563809,0.61798205,0.73719891,0.30995139,1.33158054,0.52236385,1.05719057,1.69391662,1.15862217,1.2937145,1.14176155,0.61730589,0.71659815,0.6437348,,,,,,,,,,,,,,,,,,,,,
0.16,0.94796816,1.44140505,0.62344976,0.79930964,0.31499102,1.33788313,0.57241133,0.98437936,1.68278024,1.18631944,1.37273906,1.23068009,0.54277667,0.73454321,0.61680473,,,,,,,,,,,,,,,,,,,,,
0.17,0.94602837,1.42049959,0.63003867,0.75631533,0.36125133,1.31611415,0.60602857,1.0353798,1.38261409,1.43601514,1.41405267,1.26083606,0.49464436,0.67358368,0.61550523,,,,,,,,,,,,,,,,,,,,,
0.18,0.98809668,1.50792609,0.64746877,0.84303512,0.37789866,1.44169866,0.5742668,1.10196136,1.284158,1.63821996,1.44185873,1.34033718,0.46728493,0.66143585,0.68500494,,,,,,,,,,,,,,,,,,,,,
0.19,0.96004408,1.4901065,0.61853608,0.84652777,0.34595673,1.54674849,0.53805297,1.02325838,1.26007014,1.36141771,1.51039972,1.38448077,0.45219261,0.57237698,0.67904665,,,,,,,,,,,,,,,,,,,,,
0.2,0.93565262,1.5179766,0.57671893,0.76843152,0.32076684,1.7328871,0.54240246,1.07337318,1.15460792,1.1685076,1.59579732,1.3265054,0.41711179,0.49929746,0.62814291,,,,,,,,,,,,,,,,,,,,,
0.22,0.91723327,1.5498875,0.54282448,0.73317162,0.32370492,1.69659317,0.55219439,1.06210549,1.08638445,1.06640519,1.87254526,1.17026427,0.36046966,0.46906972,0.61389109,,,,,,,,,,,,,,,,,,,,,
0.24,0.85769566,1.39889158,0.52587481,0.88682303,0.34165708,1.42172863,0.44194546,0.97711758,1.04934917,1.01214339,1.61398415,1.24355668,0.32411563,0.44812171,0.53180543,,,,,,,,,,,,,,,,,,,,,
0.25,0.85601576,1.38159832,0.53037339,0.90011127,0.34648947,1.44016842,0.46704265,0.921813,1.12149598,1.06262318,1.48843943,1.25611761,0.31229821,0.44877787,0.50681206,,,,,,,,,,,,,,,,,,,,,
0.26,0.85001026,1.35917193,0.5315865,0.83945565,0.33876087,1.42550977,0.52215594,0.90651479,1.12252492,1.10754108,1.44067447,1.2310926,0.29953687,0.48470855,0.48164763,,,,,,,,,,,,,,,,,,,,,
0.28,0.83017275,1.34522094,0.51232238,0.71666965,0.32971368,1.53661863,0.55920175,0.97699455,1.03248944,0.87460856,1.48094911,1.15132728,0.29447007,0.52412204,0.48490827,,,,,,,,,,,,,,,,,,,,,
0.29,0.84719772,1.40239204,0.51179981,0.66043698,0.31105411,1.67126862,0.63448923,1.04793894,1.0037791,0.91661531,1.5304115,1.08877219,0.28830202,0.53889632,0.47440836,,,,,,,,,,,,,,,,,,,,,
0.3,0.84995152,1.41031333,0.51223906,0.65518101,0.29765266,1.67549956,0.72286205,1.07658371,1.0129667,0.83715405,1.57328427,1.03352962,0.28372616,0.55408846,0.47688995,,,,,,,,,,,,,,,,,,,,,
0.32,0.83663364,1.41723334,0.49388892,0.57790742,0.27302663,1.5671582,0.73450267,1.05901215,0.93027065,0.81870937,1.69140433,1.10654931,0.27119577,0.54339421,0.46647297,,,,,,,,,,,,,,,,,,,,,
0.34,0.799683,1.302783,0.49086679,0.59392387,0.3158256,1.35234244,0.67540876,1.09454914,0.84673997,0.81983348,1.6032594,1.00000289,0.26010174,0.47124664,0.5629621,,,,,,,,,,,,,,,,,,,,,
0.35,0.78935442,1.26688349,0.49182139,0.61830052,0.35878126,1.23803657,0.61723081,1.18739416,0.81964093,0.80419561,1.55206813,0.9854391,0.25157051,0.43722288,0.60237253,,,,,,,,,,,,,,,,,,,,,
0.36,0.79972992,1.27041118,0.50343382,0.65024601,0.39706613,1.29817093,0.65168344,1.21726585,0.80843277,0.86260499,1.49559187,0.95648244,0.24307782,0.40324296,0.61289385,,,,,,,,,,,,,,,,,,,,,
0.38,0.80353652,1.31754948,0.49005441,0.63087024,0.37129488,1.43432542,0.71123245,1.18693657,0.78350775,0.9336392,1.50347263,0.92137954,0.22385645,0.31888084,0.62304227,,,,,,,,,,,,,,,,,,,,,
0.4,0.81596014,1.38455393,0.48087036,0.54638869,0.36256665,1.54593175,0.81285335,1.31946689,0.76043661,0.92316517,1.49836636,0.88265735,0.20696717,0.28036506,0.65235666,,,,,,,,,,,,,,,,,,,,,
0.42,0.82813022,1.42657581,0.48073132,0.53897921,0.33399616,1.6821785,0.8169932,1.4180753,0.81076696,0.91140581,1.348996,0.9326779,0.19030619,0.2699299,0.68325755,,,,,,,,,,,,,,,,,,,,,
0.44,0.82175875,1.44460774,0.46745385,0.49372174,0.35250195,1.65102532,0.77236006,1.57995996,0.82597881,0.78731112,1.29196156,0.97519779,0.18200318,0.26245211,0.68663146,,,,,,,,,,,,,,,,,,,,,
0.45,0.80797071,1.43205399,0.45586037,0.435789,0.37518895,1.57854352,0.73791856,1.65586901,0.80615437,0.74869074,1.22365584,0.99522672,0.17772293,0.25733119,0.70355768,,,,,,,,,,,,,,,,,,,,,
0.46,0.78560521,1.39031496,0.4439106,0.38002423,0.39305691,1.50594356,0.70537594,1.65956112,0.76775513,0.71977846,1.09595112,1.01441495,0.17280703,0.26064905,0.75194502,,,,,,,,,,,,,,,,,,,,,
0.48,0.74924381,1.26650154,0.44324169,0.42241308,0.40076835,1.42285633,0.64987369,1.46073765,0.69131635,0.73223458,0.91162428,1.04397188,0.16382519,0.30506564,0.78623868,,,,,,,,,,,,,,,,,,,,,
0.5,0.73320277,1.20833958,0.4448967,0.4285791,0.39001141,1.46468021,0.61056327,1.18400165,0.6590032,0.8553223,0.83823276,1.04631885,0.15750259,0.31793543,0.84628242,,,,,,,,,,,,,,,,,,,,,
0.55,0.72171878,1.20187193,0.43338894,0.44896615,0.38687027,1.51858257,0.48255686,0.9543235,0.77669506,0.93391146,0.65011202,1.03335065,0.12899408,0.36766658,0.97859615,,,,,,,,,,,,,,,,,,,,,
0.6,0.66088504,1.18614656,0.36822518,0.37027786,0.27082374,1.49593198,0.43512497,0.78040975,0.67545519,0.82826926,0.48797324,0.98558564,0.10175157,0.36097229,1.13804498,,,,,,,,,,,,,,,,,,,,,
0.65,0.63712119,1.21664344,0.33364205,0.29604302,0.26133805,1.3971397,0.35316679,0.74193011,0.60885178,0.70640878,0.45451195,1.0098343,0.08899123,0.34850198,1.37873658,,,,,,,,,,,,,,,,,,,,,
0.667,0.63976375,1.22980251,0.33281576,0.30277744,0.2368367,1.35443142,0.3512057,0.69764587,0.60815039,0.70803597,0.49777805,1.04546077,0.08615544,0.34761699,1.44107028,,,,,,,,,,,,,,,,,,,,,
0.7,0.64702185,1.29653729,0.32288872,0.27435237,0.23403367,1.52010333,0.31772799,0.60137086,0.58206932,0.74742228,0.5709639,1.01065245,0.08333397,0.34752304,1.47470896,,,,,,,,,,,,,,,,,,,,,
0.75,0.64757627,1.34688331,0.31135216,0.26715178,0.22596513,1.57104648,0.30253302,0.52094185,0.61151514,0.76735077,0.53556738,0.95391836,0.08005477,0.35932363,1.57554692,,,,,,,,,,,,,,,,,,,,,
0.8,0.59680249,1.20538831,0.29548421,0.33285668,0.23995888,1.42661389,0.2531869,0.5273639,0.57089785,0.67664147,0.42919872,0.94289961,0.07010728,0.3229089,1.36899582,,,,,,,,,,,,,,,,,,,,,
0.85,0.54789929,1.06256627,0.28251756,0.38180721,0.25735469,1.25719308,0.22784726,0.54945966,0.48891752,0.67672813,0.38093567,0.90807239,0.05694687,0.24700135,1.14252767,,,,,,,,,,,,,,,,,,,,,
0.9,0.46383649,0.88896744,0.24201594,0.30818053,0.26382139,1.00384004,0.19469646,0.4589391,0.41722458,0.58123094,0.31309651,0.84318887,0.04712054,0.18880608,0.94589281,,,,,,,,,,,,,,,,,,,,,
0.95,0.41780086,0.77228681,0.22602685,0.30872557,0.24494109,0.83321301,0.20032479,0.47720507,0.37602164,0.52783494,0.25489884,0.77078218,0.04005055,0.16780259,0.81181,,,,,,,,,,,,,,,,,,,,,
1,0.39440093,0.7142322,0.21778924,0.29425263,0.19676191,0.72380169,0.21847836,0.48425759,0.38036844,0.50781187,0.24002981,0.70556817,0.036099,0.16667931,0.77870232,,,,,,,,,,,,,,,,,,,,,
1.1,0.36639073,0.63633283,0.21096219,0.24526994,0.14921141,0.57957106,0.25297393,0.49821146,0.33432711,0.51610568,0.27352116,0.65608213,0.0242564,0.19768566,0.6694728,,,,,,,,,,,,,,,,,,,,,
1.2,0.32047627,0.52898189,0.19415605,0.27452957,0.17492718,0.51344439,0.2790078,0.38328665,0.26366759,0.34875231,0.26036109,0.577393,0.01809387,0.18631502,0.56593673,,,,,,,,,,,,,,,,,,,,,
1.3,0.28289489,0.44818638,0.17856302,0.29917166,0.20231923,0.4597639,0.28341663,0.36133111,0.21166721,0.27700453,0.21394669,0.43480278,0.01349991,0.15917142,0.47864356,,,,,,,,,,,,,,,,,,,,,
1.4,0.25942448,0.41848311,0.16082145,0.27850319,0.18787402,0.48368273,0.27829859,0.32453667,0.21294431,0.25923987,0.16963838,0.37728812,0.0124166,0.12449191,0.40417936,,,,,,,,,,,,,,,,,,,,,
1.5,0.23532005,0.38028546,0.14561569,0.22794918,0.20176438,0.43597115,0.23001039,0.26187812,0.22046133,0.26300747,0.15384999,0.37931146,0.01052756,0.09400599,0.34510364,,,,,,,,,,,,,,,,,,,,,
1.6,0.20887457,0.33599346,0.12984951,0.16404665,0.20907484,0.38087912,0.1916625,0.22044959,0.21540912,0.26404347,0.13856032,0.33202418,0.00923582,0.08436157,0.29674763,,,,,,,,,,,,,,,,,,,,,
1.7,0.18102672,0.28983691,0.11306591,0.12112212,0.19378718,0.30965623,0.16712999,0.20476542,0.1966595,0.21321587,0.12524394,0.25346329,0.00829633,0.07449954,0.30448123,,,,,,,,,,,,,,,,,,,,,
1.8,0.16313351,0.26879198,0.09900795,0.11045837,0.1877938,0.2526596,0.13716752,0.21240214,0.16079323,0.17403536,0.10429603,0.20787159,0.00737997,0.07416064,0.32858387,,,,,,,,,,,,,,,,,,,,,
1.9,0.15264493,0.26591973,0.08762221,0.12144585,0.16813574,0.2152124,0.11672887,0.22655185,0.12663702,0.14398644,0.08090974,0.21388271,0.00646072,0.06881361,0.34297423,,,,,,,,,,,,,,,,,,,,,
2,0.146313,0.26652135,0.08032187,0.13505963,0.13576808,0.18752179,0.10711694,0.23538076,0.12751707,0.11455204,0.06569817,0.23697252,0.0056344,0.06288963,0.34164492,,,,,,,,,,,,,,,,,,,,,
2.2,0.1359151,0.26096572,0.07078674,0.13462929,0.09708226,0.15455477,0.08377423,0.23968916,0.15261237,0.08383217,0.06327991,0.22064002,0.00446203,0.05945665,0.3369683,,,,,,,,,,,,,,,,,,,,,
2.4,0.12099941,0.22926206,0.0638608,0.12384183,0.07785842,0.13105213,0.06777831,0.23009953,0.15225147,0.0802956,0.0509567,0.22575407,0.00379409,0.05266241,0.25564842,,,,,,,,,,,,,,,,,,,,,
2.5,0.11008018,0.20770139,0.05834167,0.11562281,0.06897172,0.12014088,0.06427077,0.22090429,0.13039756,0.08091488,0.04487986,0.20266512,0.00353927,0.04545068,0.22320428,,,,,,,,,,,,,,,,,,,,,
2.6,0.10080075,0.18813066,0.05400922,0.10752941,0.07190585,0.10952223,0.06143193,0.21037704,0.10958015,0.07893678,0.04306167,0.1719572,0.00329672,0.03828164,0.20372835,,,,,,,,,,,,,,,,,,,,,
2.8,0.09025773,0.16855649,0.04833073,0.10320228,0.07493243,0.08986644,0.06113547,0.18916088,0.096686,0.06195622,0.03499772,0.16310995,0.00281816,0.03207667,0.17315054,,,,,,,,,,,,,,,,,,,,,
3,0.08030184,0.14406549,0.0447601,0.10610982,0.07531944,0.07536088,0.06002888,0.16010369,0.08183079,0.05868068,0.03016101,0.14575213,0.00236955,0.03117124,0.13673399,,,,,,,,,,,,,,,,,,,,,
3.2,0.07378287,0.13028347,0.04178514,0.11061214,0.07432533,0.06562078,0.05671391,0.14620938,0.06979516,0.05249212,0.02774033,0.12708077,0.00198879,0.0342099,0.11860587,,,,,,,,,,,,,,,,,,,,,
3.4,0.06974232,0.12430246,0.03913028,0.1168253,0.07431921,0.06008799,0.04734791,0.12893509,0.06280827,0.04661537,0.0288186,0.11246551,0.00168972,0.03218288,0.12481193,,,,,,,,,,,,,,,,,,,,,
3.5,0.06644893,0.11851558,0.03725638,0.11877263,0.07518632,0.06052144,0.04198545,0.11307298,0.05840411,0.04307538,0.02865736,0.0990454,0.00156894,0.03104313,0.12605407,,,,,,,,,,,,,,,,,,,,,
3.6,0.06346625,0.11442095,0.03520304,0.12005965,0.07351401,0.06029856,0.03667026,0.10489867,0.05470422,0.04110519,0.02912055,0.08548373,0.00146483,0.02927126,0.12500408,,,,,,,,,,,,,,,,,,,,,
3.8,0.05940583,0.10719287,0.03292246,0.12008826,0.07278641,0.05770236,0.03043248,0.09003213,0.05604024,0.03999618,0.0303595,0.06967719,0.00129779,0.027123,0.11733441,,,,,,,,,,,,,,,,,,,,,
4,0.0538105,0.0975522,0.02968226,0.11562034,0.07100962,0.05283266,0.02422473,0.07822359,0.0536018,0.03289503,0.03162184,0.06166542,0.00117179,0.02380721,0.099052,,,,,,,,,,,,,,,,,,,,,
4.2,0.04825921,0.09013623,0.02583812,0.10767366,0.06503487,0.04744647,0.01936322,0.06948342,0.04472713,0.02568113,0.03104765,0.05690358,0.00107318,0.01935082,0.09132535,,,,,,,,,,,,,,,,,,,,,
4.4,0.04297833,0.08059587,0.02291851,0.09597143,0.05915303,0.04621447,0.01548832,0.06192757,0.03777095,0.02136258,0.02854708,0.05318811,0.0009922,0.01629033,0.07883394,,,,,,,,,,,,,,,,,,,,,
4.6,0.03862087,0.07284341,0.02047642,0.08500078,0.05272704,0.04680193,0.01269511,0.05503568,0.03142674,0.01828735,0.02608089,0.04820904,0.00092254,0.01422243,0.07204095,,,,,,,,,,,,,,,,,,,,,
4.8,0.03475635,0.06647079,0.01817345,0.07702479,0.04657145,0.04569406,0.01141572,0.04922557,0.02781584,0.01531136,0.02196981,0.04292801,0.00086039,0.01219688,0.06606228,,,,,,,,,,,,,,,,,,,,,
5,0.03148107,0.06081063,0.01629744,0.07093899,0.04396446,0.04081932,0.01042956,0.04384998,0.02562565,0.01393958,0.01799255,0.03918594,0.00080358,0.01053374,0.05968946,,,,,,,,,,,,,,,,,,,,,
5.5,0.02637987,0.05242052,0.01327529,0.05505737,0.0458815,0.03117194,0.00884102,0.0403946,0.01918337,0.01198584,0.01036577,0.03347258,0.00067871,0.00786594,0.05165982,,,,,,,,,,,,,,,,,,,,,
6,0.02186583,0.04483923,0.01066286,0.04077595,0.04121562,0.02297958,0.00742969,0.03552583,0.01464741,0.00981846,0.00717324,0.02771556,0.0005741,0.0063892,0.04814533,,,,,,,,,,,,,,,,,,,,,
6.5,0.01825852,0.03786371,0.00880456,0.03455335,0.03119872,0.01720574,0.00621401,0.03236587,0.01298573,0.00786222,0.00540944,0.02439331,0.00048741,0.00523499,0.04119142,,,,,,,,,,,,,,,,,,,,,
7,0.01498431,0.03069991,0.00731368,0.02897453,0.02538686,0.01367143,0.00521444,0.02849867,0.01116283,0.0062789,0.00462792,0.02046558,0.00041639,0.00434291,0.03077121,,,,,,,,,,,,,,,,,,,,,
7.5,0.01202986,0.02435278,0.00594255,0.02393632,0.02036998,0.01090754,0.00441605,0.02377499,0.00935351,0.00507583,0.00423512,0.01517975,0.00035851,0.00364862,0.02310212,,,,,,,,,,,,,,,,,,,,,
8,0.01003713,0.02048716,0.00491742,0.02017695,0.01562367,0.0089918,0.00379475,0.02035358,0.00738353,0.00418044,0.00368358,0.01261406,0.00031129,0.00310167,0.02023019,,,,,,,,,,,,,,,,,,,,,
8.5,0.00869108,0.01821409,0.00414706,0.01691985,0.01288878,0.00767055,0.00331072,0.01775193,0.00572247,0.00351538,0.00307773,0.01086228,0.0002726,0.00266491,0.01963578,,,,,,,,,,,,,,,,,,,,,
9,0.0076979,0.01639597,0.00361416,0.01525423,0.01103,0.00690682,0.00292385,0.01534024,0.00488552,0.00301511,0.00253865,0.00966987,0.00024065,0.0023117,0.01825817,,,,,,,,,,,,,,,,,,,,,
9.5,0.00668084,0.01407527,0.00317106,0.01374955,0.0094011,0.00621109,0.00260539,0.01310845,0.00426471,0.00263095,0.00230053,0.00837309,0.00021407,0.00202251,0.0152886,,,,,,,,,,,,,,,,,,,,,
10,0.00576649,0.01195041,0.00278253,0.01238536,0.0081014,0.00558412,0.00233792,0.01156849,0.00372493,0.00232883,0.0020553,0.00716387,0.00019174,0.00178313,0.01197279,,,,,,,,,,,,,,,,,,,,,
11,0.00456454,0.00933059,0.00223298,0.01005577,0.0062905,0.00452979,0.00191586,0.0099195,0.00318824,0.0018854,0.00162769,0.00616463,0.00015666,0.00141421,0.00762618,,,,,,,,,,,,,,,,,,,,,
12,0.00374157,0.00757796,0.00184737,0.00820209,0.00507987,0.00370782,0.00160207,0.00814289,0.00283353,0.00157348,0.00132107,0.00532222,0.00013066,0.00114765,0.00583546,,,,,,,,,,,,,,,,,,,,,
13,0.00306832,0.00611636,0.00153924,0.00673942,0.00422522,0.0030694,0.00136171,0.00643564,0.0024437,0.00133994,0.00111135,0.0043485,0.00011081,0.00094941,0.00468468,,,,,,,,,,,,,,,,,,,,,
14,0.00252872,0.00494974,0.00129187,0.00558593,0.00355707,0.00257117,0.00117218,0.00499132,0.00206684,0.00115753,0.00096226,0.00344221,9.53E-05,0.00079831,0.0039445,,,,,,,,,,,,,,,,,,,,,
15,0.00212254,0.00408652,0.00110245,0.0046728,0.00318816,0.00217862,0.00101933,0.00385693,0.00173528,0.00101092,0.0008487,0.00279731,8.29E-05,0.00068067,0.00339891,,,,,,,,,,,,,,,,,,,,,
20,0.00107617,0.00198784,0.00058261,0.00225366,0.00153373,0.00116726,0.00056756,0.00165022,0.00085202,0.00057322,0.00049867,0.00149023,4.67E-05,0.00037723,0.00190349,,,,,,,,,,,,,,,,,,,,,
,,,,,,,,,,,,,,,,,,,,,,,,,,,,,,,,,,,,
 -- Unscaled Horizontal & Vertical Spectra, as recorded --,,,,,,,,,,,,,,,,,,,,,,,,,,,,,,,,,,,
Period (sec),RSN-68 Horizontal-1 pSa (g),RSN-68 Horizontal-2 pSa (g),RSN-68 Vertical pSa (g),RSN-138 Horizontal-1 pSa (g),RSN-138 Horizontal-2 pSa (g),RSN-138 Vertical pSa (g),RSN-558 Horizontal-1 pSa (g),RSN-558 Horizontal-2 pSa (g),RSN-558 Vertical pSa (g),RSN-724 Horizontal-1 pSa (g),RSN-724 Horizontal-2 pSa (g),RSN-724 Vertical pSa (g),RSN-725 Horizontal-1 pSa (g),RSN-725 Horizontal-2 pSa (g),RSN-725 Vertical pSa (g),RSN-987 Horizontal-1 pSa (g),RSN-987 Horizontal-2 pSa (g),RSN-987 Vertical pSa (g),RSN-995 Horizontal-1 pSa (g),RSN-995 Horizontal-2 pSa (g),RSN-995 Vertical pSa (g),RSN-998 Horizontal-1 pSa (g),RSN-998 Horizontal-2 pSa (g),RSN-998 Vertical pSa (g),RSN-1082 Horizontal-1 pSa (g),RSN-1082 Horizontal-2 pSa (g),RSN-1082 Vertical pSa (g),RSN-1660 Horizontal-1 pSa (g),RSN-1660 Horizontal-2 pSa (g),RSN-1660 Vertical pSa (g),RSN-4136 Horizontal-1 pSa (g),RSN-4136 Horizontal-2 pSa (g),RSN-4136 Vertical pSa (g),RSN-4861 Horizontal-1 pSa (g),RSN-4861 Horizontal-2 pSa (g),RSN-4861 Vertical pSa (g)
0.01,0.231654,0.2007894,0.168,0.1067306,0.08524356,0.0651,0.4475839,0.4005508,0.325,0.1381828,0.2013672,,0.4779399,0.2907726,,0.4617393,0.3263801,0.11,0.2333654,0.364006,0.141,0.439576,0.3372725,0.0986,0.2804722,0.4492259,0.343,0.1603733,0.1707702,0.0471,0.1692901,0.1972595,0.17,0.3540741,0.3348699,0.0877
0.02,0.2319499,0.2504281,0.225,0.1075711,0.08556878,0.0653,0.4492936,0.4023899,0.365,0.1372611,0.1999838,,0.4804265,0.2893944,,0.4634112,0.3185351,0.107,0.23474,0.3653303,0.141,0.4345472,0.3348594,0.1,0.278161,0.4479975,0.356,0.160692,0.1717537,0.0469,0.1746546,0.1981257,0.176,0.3515574,0.3353682,0.0862
0.022,0.2459132,0.2606812,0.229,0.1091473,0.08822251,0.0667,0.4535358,0.405625,0.405,0.1377406,0.2007123,,0.4842537,0.2920359,,0.4640077,0.3198928,0.108,0.2387729,0.3880611,0.157,0.43208,0.3346238,0.104,0.2805837,0.4491109,0.358,0.174168,0.1859573,0.0519,0.1742923,0.1976815,0.181,0.351947,0.3340257,0.0867
0.025,0.2923874,0.2828928,0.221,0.1110205,0.09157121,0.0828,0.4579379,0.4060108,0.414,0.1381027,0.2019667,,0.4741428,0.2902558,,0.4698851,0.3216432,0.111,0.2303536,0.3674747,0.189,0.4348851,0.3374137,0.111,0.2824938,0.4469622,0.365,0.1769333,0.1880409,0.0681,0.1777644,0.1996994,0.188,0.3530549,0.3273828,0.0923
0.029,0.3193339,0.3029056,0.246,0.1065519,0.08665287,0.071,0.4670709,0.4143345,0.545,0.1381042,0.2040554,,0.5227329,0.298642,,0.4938502,0.3327081,0.114,0.2320356,0.3761378,0.189,0.4389728,0.3356676,0.117,0.2804764,0.4555516,0.399,0.1745668,0.1962248,0.0809,0.1814058,0.2040394,0.191,0.354335,0.390321,0.112
0.03,0.3130125,0.306868,0.241,0.1073891,0.08831941,0.0762,0.4697378,0.4115941,0.529,0.138368,0.2042901,,0.5325838,0.303564,,0.4998728,0.3404575,0.113,0.2349148,0.3679939,0.205,0.4387653,0.3335924,0.123,0.2843401,0.4623194,0.403,0.1721262,0.1916965,0.0784,0.1837688,0.205817,0.185,0.3481851,0.4058711,0.116
0.032,0.2945906,0.320393,0.259,0.1069337,0.08816215,0.0823,0.4859478,0.4115414,0.528,0.1389129,0.2048171,,0.4833243,0.3001874,,0.5115916,0.3536472,0.112,0.2314002,0.3556494,0.192,0.4364456,0.3388774,0.13,0.2914006,0.4637471,0.431,0.1658401,0.1836133,0.0687,0.1878259,0.2070071,0.182,0.3696199,0.4333171,0.114
0.035,0.2998117,0.2936985,0.226,0.1082598,0.08411813,0.0825,0.5294786,0.4263999,0.548,0.1427298,0.2072694,,0.495177,0.3070444,,0.5060111,0.3661917,0.116,0.2290788,0.3626594,0.193,0.4335157,0.3395571,0.13,0.3042518,0.4472438,0.44,0.1714244,0.1721151,0.0569,0.1866081,0.2091836,0.178,0.4054296,0.4704618,0.101
0.036,0.2899285,0.2859285,0.233,0.10891,0.08428696,0.0797,0.5360406,0.4349116,0.592,0.1420849,0.2083729,,0.4900099,0.3039472,,0.5110214,0.3773538,0.118,0.2300864,0.365041,0.184,0.4389391,0.3406624,0.127,0.3059419,0.4507814,0.434,0.172694,0.1701425,0.0575,0.1841064,0.2093175,0.179,0.421226,0.4732309,0.105
0.04,0.2725059,0.2864521,0.34,0.1108372,0.08653142,0.0767,0.5272583,0.4673115,0.675,0.139553,0.213002,,0.5456581,0.3258643,,0.4937434,0.4198419,0.12,0.2318477,0.3677336,0.175,0.4590035,0.347833,0.188,0.3147551,0.4821846,0.508,0.169541,0.1715249,0.0574,0.2033501,0.2261129,0.19,0.4536228,0.4752274,0.154
0.042,0.2930572,0.2822225,0.353,0.1101004,0.08718976,0.0795,0.5379627,0.4703531,0.754,0.1456219,0.2122815,,0.4952647,0.3229444,,0.4741746,0.4313147,0.129,0.2338264,0.36744,0.176,0.4651671,0.3516286,0.213,0.3236207,0.4862078,0.565,0.1719826,0.1737147,0.061,0.2030405,0.2306333,0.207,0.4627773,0.4966351,0.164
0.044,0.3084884,0.2878083,0.324,0.1088701,0.08768614,0.0829,0.5330731,0.4885579,0.79,0.1513321,0.2121148,,0.4900497,0.3243577,,0.4693408,0.4382839,0.148,0.2343395,0.3675022,0.195,0.4699203,0.3506776,0.248,0.3274515,0.4832689,0.518,0.1786953,0.1794517,0.0649,0.2020312,0.2302341,0.235,0.4960369,0.4998322,0.169
0.045,0.3038208,0.2842371,0.295,0.109151,0.0877537,0.0857,0.521893,0.5041738,0.84,0.1529273,0.2118477,,0.4990333,0.3384135,,0.4727617,0.441342,0.153,0.2345515,0.3670593,0.208,0.4709773,0.3503263,0.255,0.3283756,0.4811533,0.503,0.1832703,0.1830153,0.0656,0.192283,0.227865,0.248,0.5023642,0.4920868,0.175
0.046,0.2963158,0.289255,0.272,0.1087137,0.08934674,0.0897,0.5321978,0.5148784,0.905,0.1550877,0.2107039,,0.5266186,0.3591882,,0.482178,0.445005,0.159,0.2344527,0.3654953,0.218,0.473125,0.3501763,0.257,0.3326901,0.480868,0.509,0.1876307,0.1866289,0.0679,0.1894534,0.2277325,0.247,0.5019888,0.489334,0.18
0.048,0.3024516,0.2957908,0.279,0.1062026,0.09157721,0.102,0.5601729,0.527809,0.91,0.1553225,0.2110168,,0.6523007,0.3871047,,0.5011808,0.4443208,0.186,0.2380934,0.3661877,0.242,0.4750859,0.3593771,0.228,0.3494602,0.4844726,0.531,0.1930556,0.1955793,0.0761,0.1925774,0.2319622,0.244,0.5030563,0.4967611,0.182
0.05,0.3097685,0.3171755,0.314,0.1076915,0.089328,0.107,0.5693248,0.5262868,0.763,0.148212,0.2160575,,0.7559968,0.4007439,,0.5046372,0.4371471,0.204,0.2484701,0.3735071,0.272,0.4718773,0.3696904,0.201,0.3600711,0.4727143,0.594,0.1937287,0.2055931,0.083,0.2045114,0.2334973,0.249,0.511817,0.5163054,0.182
0.055,0.3329501,0.3279659,0.494,0.1123576,0.09496944,0.108,0.5952802,0.5406359,0.797,0.1531165,0.222364,,0.7101573,0.3983927,,0.4893894,0.454702,0.199,0.2545751,0.3959318,0.313,0.4721072,0.3707557,0.291,0.348739,0.4739434,0.837,0.1925494,0.2193094,0.117,0.2177638,0.2228462,0.276,0.5383762,0.5153415,0.173
0.06,0.3039825,0.3450823,0.633,0.1104365,0.09954034,0.115,0.6348023,0.5334133,0.852,0.1484714,0.2221493,,0.6375909,0.4377206,,0.53084,0.5304541,0.273,0.2395818,0.4352068,0.379,0.5168106,0.3740036,0.385,0.3863347,0.5301714,0.96,0.2381585,0.2433696,0.145,0.260316,0.2658406,0.309,0.549669,0.5444642,0.259
0.065,0.31496,0.3458082,0.499,0.1101037,0.1046135,0.112,0.6642203,0.5127416,0.633,0.1434139,0.2383186,,0.5655442,0.5842884,,0.5850187,0.6135769,0.306,0.2729189,0.4566847,0.429,0.5852954,0.3980918,0.328,0.3835108,0.5300656,1.02,0.2688199,0.2671789,0.155,0.3518841,0.3023764,0.3,0.5419133,0.5549757,0.251
0.067,0.3205328,0.352746,0.441,0.1140273,0.1040964,0.122,0.7064415,0.5061276,0.636,0.1475477,0.2374199,,0.5365358,0.6171475,,0.6178124,0.6366172,0.311,0.2793066,0.4655295,0.449,0.606028,0.3801452,0.272,0.3952963,0.5202929,1.23,0.2700647,0.2705331,0.151,0.3698421,0.3333171,0.298,0.5213074,0.5459067,0.278
0.07,0.3323871,0.4028029,0.454,0.1210375,0.105251,0.138,0.7329217,0.5726818,0.686,0.1571272,0.2364609,,0.4980133,0.6020394,,0.6628771,0.5786863,0.285,0.2999772,0.4739461,0.501,0.6240071,0.3764051,0.252,0.4021651,0.5068713,1.17,0.2695897,0.2627729,0.155,0.3361391,0.3499987,0.301,0.5194363,0.5722047,0.283
0.075,0.383828,0.4789123,0.36,0.132979,0.1054798,0.144,0.650798,0.6721182,0.695,0.1774331,0.2325043,,0.4877348,0.4558744,,0.7226216,0.4547648,0.276,0.3590505,0.4742229,0.514,0.5969564,0.4018508,0.31,0.4138345,0.5309027,0.965,0.281184,0.2689013,0.148,0.2820977,0.421564,0.428,0.5231938,0.6456907,0.221
0.08,0.3939285,0.5936635,0.311,0.1393348,0.1109381,0.167,0.5891179,0.7080677,0.846,0.2033653,0.2412032,,0.4878332,0.414365,,0.7031032,0.464142,0.289,0.436501,0.5148083,0.447,0.5821613,0.4321173,0.305,0.3821814,0.5047613,1.07,0.3133703,0.2621375,0.13,0.323124,0.4852296,0.487,0.5539632,0.6319104,0.235
0.085,0.4576613,0.595627,0.307,0.1414985,0.1272847,0.175,0.6325865,0.7203268,1.09,0.1849366,0.2609101,,0.4530867,0.4170169,,0.7795867,0.6277525,0.267,0.4577513,0.6328807,0.426,0.5822754,0.4485203,0.281,0.4565434,0.5216817,1.24,0.3116429,0.2783349,0.118,0.3057117,0.4627868,0.488,0.5209205,0.6389172,0.249
0.09,0.5920439,0.6218404,0.294,0.1406833,0.13234,0.214,0.6380457,0.7023957,1.21,0.1839222,0.2577178,,0.46374,0.4371212,,0.8414238,0.7202528,0.289,0.4540132,0.6267807,0.528,0.5533696,0.4543453,0.227,0.5384312,0.540931,1.26,0.3199992,0.2716666,0.1,0.3193677,0.4053421,0.534,0.4715363,0.6386322,0.227
0.095,0.631449,0.5923886,0.356,0.148605,0.1507189,0.265,0.7168208,0.5923889,1.46,0.1995648,0.2555982,,0.5062546,0.4701692,,0.7359075,0.7490399,0.327,0.4514839,0.6368718,0.444,0.5472972,0.4427401,0.212,0.531781,0.5513994,1.17,0.3505912,0.2732197,0.0909,0.3265937,0.4502285,0.471,0.4361107,0.6787164,0.228
0.1,0.6030157,0.5926943,0.341,0.1473874,0.1589019,0.282,0.869333,0.6255648,1.56,0.2280299,0.2453214,,0.5337021,0.4629644,,0.6944974,0.8071736,0.384,0.5078917,0.6888717,0.393,0.6261469,0.4064918,0.191,0.5688587,0.5738351,1.19,0.391372,0.3226132,0.0826,0.3968985,0.5075009,0.415,0.4062748,0.6427968,0.214
0.11,0.5296006,0.6221995,0.257,0.1787367,0.1732167,0.23,0.9546647,0.6530235,1.12,0.2383685,0.2966127,,0.5530724,0.5752141,,0.9179726,0.8093748,0.345,0.4968915,0.9817963,0.464,0.7120159,0.5367269,0.225,0.7162468,0.5756301,0.946,0.4119842,0.4182757,0.0937,0.5438468,0.5779066,0.462,0.3953533,0.6020922,0.258
0.12,0.6486183,0.6381017,0.206,0.2030634,0.1917785,0.204,0.9181197,0.5786745,0.821,0.2682556,0.283236,,0.5678902,0.7971619,,1.108008,0.8256068,0.401,0.5389314,0.9274828,0.43,0.7863725,0.5884978,0.205,0.8563752,0.7816263,0.989,0.3912428,0.4437539,0.0959,0.3895578,0.8298592,0.475,0.3856136,0.5692777,0.229
0.13,0.6167512,0.5044599,0.204,0.2210274,0.1970809,0.212,0.937233,0.7049276,0.793,0.3097659,0.2944002,,0.5728883,1.06972,,1.338489,1.014983,0.424,0.5763285,1.082448,0.431,0.9433048,0.5670754,0.254,0.7583524,0.701895,0.857,0.4322892,0.4344645,0.0949,0.3776972,0.8328787,0.457,0.370753,0.6255296,0.241
0.133,0.6436248,0.4983142,0.208,0.2180386,0.1862005,0.205,0.9389574,0.7486936,0.758,0.2870623,0.3251795,,0.5407621,1.070665,,1.357355,0.9890337,0.412,0.6024455,1.098819,0.415,0.9703496,0.6105322,0.252,0.7612502,0.7148315,0.823,0.4409162,0.4295299,0.0881,0.3978303,0.8051068,0.481,0.3640195,0.6056593,0.236
0.14,0.5682516,0.4638028,0.188,0.2187612,0.1775047,0.194,0.9373733,0.7762198,0.778,0.2585267,0.3629323,,0.6501189,0.8363984,,1.447801,0.898641,0.436,0.5604495,1.153279,0.325,0.9693664,0.7766933,0.245,0.7574714,0.7589835,0.73,0.4768645,0.4078657,0.0862,0.4724602,0.686796,0.433,0.3825735,0.5308366,0.22
0.15,0.5531796,0.4872931,0.186,0.2350987,0.2019863,0.254,0.8485014,1.026232,0.645,0.360384,0.3781367,,0.7760963,0.7178624,,1.477092,0.829188,0.444,0.6079111,0.9863313,0.247,1.043679,0.7644811,0.246,0.73894,0.8703948,0.683,0.4929913,0.3715187,0.0741,0.4774969,0.534331,0.362,0.3493807,0.5406733,0.209
0.16,0.5772238,0.5529092,0.129,0.233596,0.2113108,0.23,0.7974192,1.074269,0.575,0.424539,0.3839549,,0.6996822,0.6924215,,1.491729,0.7787772,0.465,0.7029035,0.9556571,0.227,1.092311,0.831426,0.201,0.7957794,0.9387804,0.65,0.4276729,0.3342191,0.0557,0.5442063,0.493349,0.322,0.3452478,0.5111282,0.246
0.17,0.6040301,0.4551489,0.135,0.2891541,0.2165466,0.274,0.9911548,0.8658918,0.563,0.4000665,0.4552114,,0.7601244,0.7030094,,1.234885,0.6218366,0.368,0.8025905,1.190793,0.206,1.148927,0.824325,0.2,0.9229071,0.8590402,0.629,0.3747045,0.322908,0.0355,0.4210044,0.5258044,0.233,0.3522294,0.5047585,0.226
0.18,0.7388033,0.4060516,0.118,0.2897016,0.2426528,0.231,1.15293,0.8655908,0.521,0.3430299,0.4605571,,0.7794749,0.7789337,,1.057998,0.7278063,0.374,0.8847392,1.378768,0.218,1.247274,0.72337,0.24,1.075321,0.8001178,0.522,0.3282874,0.3325396,0.0299,0.3616162,0.5538331,0.193,0.3903484,0.5629031,0.237
0.19,0.7357472,0.4186709,0.133,0.2692902,0.2171839,0.175,1.247611,0.9142744,0.538,0.3648302,0.3954743,,0.6938616,0.752073,,0.9234402,0.8573418,0.358,0.7655835,1.125762,0.243,1.306146,0.7584787,0.256,1.097338,0.8441779,0.46,0.2924575,0.3448866,0.0247,0.3292685,0.4681855,0.197,0.4094397,0.5417227,0.23
0.2,0.644462,0.4185161,0.169,0.2403441,0.212429,0.173,1.439923,0.9641159,0.497,0.3591721,0.4064429,,0.622071,0.8747329,,0.7111022,0.9096445,0.277,0.6303569,0.9839005,0.28,1.317061,0.9010657,0.241,1.021585,0.8461564,0.389,0.2560716,0.3292561,0.0291,0.3116525,0.3900906,0.17,0.4223194,0.4649837,0.188
0.22,0.5484104,0.4866073,0.201,0.2241762,0.2335164,0.177,1.43945,0.8980045,0.476,0.2822708,0.4745965,,0.6889622,0.8083311,,0.7170648,0.8161184,0.236,0.4708619,0.9568224,0.193,1.481097,1.145765,0.196,0.8176851,0.8372034,0.396,0.2027832,0.2980224,0.0195,0.3536031,0.3082065,0.152,0.3896836,0.4743511,0.215
0.24,0.7536106,0.4674678,0.164,0.2581232,0.2238347,0.138,1.112801,0.8848651,0.534,0.2267273,0.3793554,,0.6400167,0.7383342,,0.7442489,0.7397481,0.215,0.4679097,0.8974936,0.144,1.260285,1.008279,0.133,0.9296879,0.8259017,0.36,0.1858092,0.2655671,0.0293,0.3503256,0.279437,0.156,0.3722616,0.3797872,0.26
0.25,0.7493922,0.4986097,0.13,0.2853201,0.1965894,0.162,1.149664,0.8673856,0.568,0.2175511,0.41328,,0.5750847,0.7204282,,0.8479251,0.7340138,0.21,0.5011703,0.9370146,0.152,1.175135,0.913515,0.143,0.9265598,0.8481264,0.347,0.1743365,0.259108,0.0315,0.3471838,0.2843677,0.181,0.3548531,0.3618532,0.228
0.26,0.7242492,0.4244395,0.0988,0.2743698,0.1986961,0.167,1.177908,0.8028766,0.573,0.2545486,0.4559077,,0.6168834,0.6642469,,0.7822728,0.8050537,0.192,0.5314124,0.9717243,0.148,1.145159,0.8741589,0.149,0.8927401,0.8477052,0.378,0.1589963,0.2538553,0.0312,0.3864543,0.292567,0.199,0.3315563,0.3493635,0.205
0.28,0.6056245,0.3831897,0.0844,0.2594981,0.2034007,0.167,1.299324,0.8203377,0.523,0.309503,0.4657408,,0.8148971,0.5389444,,0.7093928,0.7501975,0.173,0.46944,0.7379473,0.171,1.181359,0.8930852,0.166,0.7836615,0.8434626,0.436,0.1571822,0.2490108,0.0305,0.4101714,0.3262872,0.152,0.3529783,0.3324791,0.168
0.29,0.5353629,0.3867345,0.0838,0.2375615,0.2007964,0.145,1.344442,0.9927812,0.465,0.3295418,0.5421981,,0.8694866,0.5849522,,0.7023959,0.7170861,0.17,0.467999,0.7881374,0.17,1.11788,1.045229,0.181,0.7193919,0.8172516,0.434,0.1572699,0.2416283,0.0289,0.4198926,0.3377861,0.171,0.3391201,0.3317542,0.169
0.3,0.5373838,0.3748077,0.0879,0.2157699,0.2050377,0.117,1.347328,0.995995,0.355,0.402372,0.6005217,,0.8238878,0.6929945,,0.6963491,0.7356626,0.153,0.4613301,0.698571,0.176,1.129737,1.094951,0.196,0.6462941,0.806528,0.436,0.1530132,0.2389299,0.0293,0.4375158,0.3399911,0.167,0.3418339,0.3325261,0.16
0.32,0.4749366,0.3292601,0.0841,0.1715776,0.2123786,0.135,1.391787,0.7203567,0.234,0.5323521,0.5060587,,0.7057865,0.7895392,,0.6621664,0.6534058,0.147,0.4792423,0.663786,0.17,1.151694,1.238729,0.173,0.7714401,0.7933042,0.498,0.1371047,0.233986,0.0227,0.3923213,0.3759804,0.136,0.3096766,0.3488516,0.154
0.34,0.5158237,0.2944002,0.109,0.1776968,0.2610932,0.12,1.201219,0.6212109,0.225,0.4984055,0.4558168,,0.6610867,0.8723544,,0.6146812,0.5823535,0.145,0.5058808,0.6451446,0.129,1.015924,1.240298,0.178,0.6504265,0.759573,0.434,0.1279494,0.226455,0.0183,0.3082373,0.3564592,0.102,0.368933,0.4252232,0.177
0.35,0.5524204,0.2777179,0.116,0.1744048,0.3135394,0.108,1.08004,0.6051844,0.2,0.4222252,0.4502219,,0.7814653,0.8939893,,0.5548394,0.6032947,0.14,0.5359535,0.5995702,0.134,1.022999,1.167214,0.194,0.6642578,0.7279092,0.439,0.1242323,0.2187557,0.0186,0.2824027,0.3337852,0.0912,0.3720748,0.4737225,0.171
0.36,0.5872555,0.2791968,0.116,0.1881218,0.3496737,0.107,1.116054,0.6630771,0.191,0.3762598,0.5320901,,0.8643548,0.8571038,,0.558377,0.5846184,0.149,0.5471863,0.6668392,0.134,1.013513,1.099812,0.191,0.6671669,0.6853809,0.447,0.1172763,0.2129157,0.0201,0.2660802,0.3029954,0.112,0.3429257,0.5079772,0.148
0.38,0.5764817,0.256254,0.104,0.1975937,0.3143511,0.142,1.246127,0.7102513,0.175,0.4035167,0.5856841,,0.9140884,0.7571399,,0.6057974,0.4968842,0.147,0.5281273,0.7699115,0.134,0.9340183,1.178151,0.156,0.6382843,0.6644798,0.41,0.1022404,0.1991447,0.0214,0.2269504,0.2240056,0.111,0.343048,0.5200959,0.142
0.4,0.4553911,0.3019264,0.0969,0.2163102,0.2909716,0.148,1.330572,0.7870725,0.194,0.4285413,0.6907119,,1.1289,0.6830649,,0.5805509,0.4911461,0.161,0.4038332,0.8301522,0.13,0.9457198,1.162203,0.126,0.6099458,0.6380048,0.354,0.09176218,0.1855131,0.0267,0.2057548,0.1904456,0.0966,0.4114122,0.5062699,0.109
0.42,0.4043643,0.3563539,0.0925,0.2262801,0.2456639,0.124,1.38927,0.9485006,0.191,0.4146757,0.7039332,,1.235212,0.696555,,0.5809621,0.5655317,0.137,0.3983581,0.8197386,0.125,0.8885177,1.01505,0.123,0.6930087,0.6242011,0.354,0.07943485,0.1729351,0.0265,0.2122176,0.1668108,0.0982,0.4144906,0.5431744,0.106
0.44,0.3434362,0.3547009,0.0817,0.2265426,0.2700668,0.128,1.365146,0.9285801,0.183,0.3677596,0.6791855,,1.362505,0.7999085,,0.5589377,0.6081362,0.123,0.4357355,0.6557388,0.107,0.8375126,0.9837364,0.101,0.7305994,0.6459375,0.389,0.0852769,0.1607887,0.0233,0.2131722,0.1530971,0.102,0.4312247,0.5343295,0.109
0.45,0.3053828,0.3108913,0.0758,0.2402132,0.2882089,0.124,1.329198,0.8514883,0.206,0.3398363,0.6550077,,1.419965,0.8518225,,0.5301946,0.6072714,0.114,0.4103881,0.6261944,0.099,0.7793539,0.9433669,0.0963,0.7389571,0.6666473,0.392,0.08818404,0.1543017,0.0222,0.2104224,0.1481275,0.108,0.4227211,0.5624058,0.111
0.46,0.2711825,0.2662301,0.0668,0.2585117,0.2960835,0.118,1.284034,0.7868435,0.217,0.3011793,0.637845,,1.430765,0.8408654,,0.5105345,0.573413,0.107,0.3907565,0.6044753,0.0898,0.6966192,0.8460677,0.0962,0.743612,0.6899847,0.368,0.09034576,0.1473089,0.0202,0.2099885,0.154411,0.117,0.4849429,0.5746753,0.11
0.48,0.3057358,0.2914763,0.0597,0.2783475,0.2883365,0.12,1.18634,0.7855683,0.212,0.2669002,0.592537,,1.264292,0.7316558,,0.4862911,0.4913647,0.098,0.4484192,0.5788676,0.0925,0.633708,0.6553419,0.11,0.7455829,0.7307417,0.376,0.08887254,0.137624,0.0193,0.2472138,0.1787467,0.143,0.5575348,0.5543701,0.0926
0.5,0.3066009,0.2994594,0.0659,0.3071042,0.2404078,0.133,1.191268,0.8521553,0.237,0.2413444,0.560839,,1.014124,0.6110748,,0.4405573,0.4900964,0.0972,0.5435708,0.660384,0.0994,0.6610061,0.5154659,0.132,0.7276632,0.7518573,0.339,0.08652505,0.1316073,0.0178,0.2678919,0.1712217,0.138,0.5653219,0.6297659,0.0818
0.55,0.3189234,0.3160039,0.0795,0.3256653,0.2088318,0.122,1.14617,0.9961864,0.323,0.241162,0.4179737,,0.7737179,0.5586537,,0.374575,0.6804034,0.104,0.6208863,0.6976323,0.099,0.3823418,0.525795,0.136,0.6891947,0.7699508,0.266,0.06939474,0.1087375,0.0148,0.3042208,0.2064665,0.172,0.7182999,0.6646019,0.0771
0.6,0.3066945,0.2074709,0.0741,0.1832232,0.1994361,0.0992,1.045798,1.069635,0.32,0.2180265,0.376561,,0.5845245,0.5170788,,0.2216667,0.6380467,0.106,0.5132243,0.6501006,0.072,0.2227333,0.4341748,0.143,0.5896106,0.7897711,0.21,0.05436893,0.08600815,0.0136,0.3065342,0.1906247,0.187,0.9142724,0.6776816,0.0686
0.65,0.2308799,0.1852996,0.0726,0.1550137,0.2104004,0.077,0.9107767,1.059474,0.258,0.1731796,0.3077915,,0.548979,0.4990815,,0.2173193,0.5687467,0.088,0.4189551,0.5687618,0.0805,0.2572841,0.3746812,0.125,0.5931767,0.8172556,0.165,0.04511229,0.07670932,0.0124,0.2629147,0.2287564,0.163,0.9649621,0.9847653,0.0784
0.667,0.2296767,0.1972886,0.0684,0.1491529,0.1839702,0.0767,0.8570254,1.048805,0.244,0.1646511,0.3102184,,0.5076326,0.4785592,,0.2035267,0.5730827,0.0773,0.4386608,0.5557802,0.0822,0.2656708,0.4209537,0.128,0.6382825,0.8279998,0.169,0.04302692,0.07464211,0.013,0.2594768,0.2313209,0.166,0.9492221,1.084279,0.084
0.7,0.1981735,0.1897274,0.0614,0.1467691,0.1822926,0.0781,0.7234245,1.336926,0.216,0.1645353,0.2718073,,0.4118604,0.4381985,,0.2197127,0.5390093,0.0755,0.5036398,0.5522563,0.104,0.2640292,0.5062493,0.137,0.5530899,0.8458782,0.197,0.03426861,0.07596192,0.0144,0.2495986,0.2418115,0.171,0.8627173,1.196029,0.0815
0.75,0.2161781,0.1569621,0.0591,0.1358371,0.1805783,0.0705,0.6360887,1.436516,0.22,0.1765758,0.2456567,,0.3938964,0.3409194,,0.2216382,0.5699362,0.0916,0.4908997,0.5897836,0.119,0.2470535,0.475181,0.129,0.4259122,0.8535567,0.17,0.02525465,0.07596689,0.012,0.2226806,0.282005,0.156,0.9367524,1.266824,0.0838
0.8,0.3019767,0.140013,0.0729,0.174722,0.1644764,0.0548,0.6012618,1.29372,0.226,0.1541253,0.2008706,,0.405742,0.336877,,0.2187632,0.5273206,0.0828,0.3041462,0.6044326,0.13,0.1889792,0.3853549,0.143,0.4419217,0.8329255,0.194,0.02463789,0.0656354,0.0104,0.188555,0.2621396,0.128,0.9227351,1.011291,0.0652
0.85,0.3530377,0.1453999,0.0795,0.2007121,0.1610779,0.0601,0.5613944,1.124887,0.205,0.1444597,0.1761981,,0.4164094,0.3584817,,0.1817676,0.4538732,0.0821,0.2021013,0.6458452,0.167,0.1726342,0.3395724,0.144,0.4494813,0.789026,0.198,0.02185312,0.05258695,0.0112,0.1569998,0.1906849,0.0975,0.7803881,0.8344842,0.0562
0.9,0.2606159,0.1644828,0.059,0.2208097,0.1443773,0.0586,0.5047743,0.8676968,0.187,0.1336768,0.1415529,,0.3481153,0.2990666,,0.1741561,0.3791385,0.0771,0.191391,0.5488159,0.17,0.1386742,0.2807114,0.116,0.4207871,0.7306885,0.212,0.01831698,0.04341467,0.00864,0.1371135,0.1297984,0.0695,0.5800474,0.7471668,0.0625
0.95,0.2472055,0.1849349,0.049,0.2173654,0.1129089,0.0582,0.4520054,0.6999536,0.158,0.1241706,0.1571995,,0.3236147,0.350711,,0.1607214,0.3399425,0.0851,0.1986633,0.4890221,0.165,0.1250658,0.222108,0.0753,0.3882033,0.6658854,0.264,0.01868555,0.03542452,0.00624,0.1207032,0.1165695,0.0527,0.4174556,0.6962516,0.0668
1,0.2485849,0.1574489,0.054,0.1671041,0.103882,0.0733,0.4065793,0.5988173,0.131,0.1347481,0.171976,,0.3363631,0.3483752,,0.1493029,0.3498411,0.0784,0.231209,0.4521231,0.151,0.1458883,0.1906067,0.0677,0.3645191,0.6041128,0.272,0.01689552,0.03190108,0.00477,0.1128216,0.1226918,0.0487,0.4740576,0.6177756,0.0722
1.1,0.2113882,0.124388,0.0607,0.09978034,0.1109411,0.0646,0.340288,0.4691553,0.125,0.1473711,0.2056151,,0.4142202,0.2768326,,0.1442053,0.301628,0.0549,0.3137698,0.4097726,0.155,0.1563771,0.2244104,0.0464,0.3967937,0.5224926,0.157,0.01427532,0.01961092,0.0029,0.1176954,0.1588314,0.0405,0.42941,0.5136155,0.0591
1.2,0.25828,0.09304798,0.0568,0.1178417,0.1292782,0.0572,0.350937,0.3747911,0.104,0.1478995,0.2365821,,0.2744003,0.2676063,,0.1559666,0.2125912,0.0511,0.2066709,0.2809187,0.141,0.16685,0.1998724,0.0484,0.2876198,0.5006571,0.0943,0.01034692,0.0148435,0.00208,0.1150412,0.1465565,0.0464,0.3764337,0.4225897,0.0413
1.3,0.2868374,0.08501756,0.0688,0.1236559,0.1601321,0.047,0.3449558,0.3039545,0.0735,0.1483257,0.2415046,,0.2657822,0.2447856,,0.09595281,0.1886692,0.0523,0.1892514,0.2022756,0.108,0.1704238,0.1293403,0.0449,0.2347054,0.3660148,0.0867,0.00719695,0.01142154,0.00148,0.09535993,0.1274442,0.0415,0.3828418,0.2872835,0.0348
1.4,0.269059,0.07191163,0.0801,0.1131798,0.1499566,0.0557,0.3780437,0.301715,0.061,0.1332613,0.2443185,,0.2252718,0.2336165,,0.08570959,0.1949337,0.073,0.1937045,0.1722901,0.107,0.1359934,0.101405,0.0465,0.2157383,0.3095211,0.0919,0.00635192,0.01066888,0.00127,0.07406613,0.1000622,0.0242,0.3446831,0.2110794,0.0431
1.5,0.2187275,0.06418028,0.0538,0.1462211,0.1390261,0.0508,0.3517755,0.2575361,0.053,0.1134951,0.2000591,,0.1980515,0.1713352,,0.1036069,0.1945991,0.0908,0.2087636,0.1599709,0.12,0.1113013,0.106216,0.0375,0.1602519,0.3437972,0.075,0.00528087,0.00910724,0.00108,0.05453783,0.0765686,0.0163,0.286185,0.1928592,0.0471
1.6,0.1541537,0.05610652,0.0328,0.1236244,0.1686099,0.0456,0.3017077,0.232468,0.0389,0.09214876,0.1680569,,0.1641118,0.1471915,,0.08507495,0.1978973,0.106,0.229524,0.1305285,0.109,0.07868443,0.1140514,0.0422,0.1562677,0.2929513,0.0716,0.0052392,0.00760599,0.000908,0.04687833,0.0701377,0.0139,0.2392887,0.1754995,0.0546
1.7,0.1061682,0.05829993,0.0239,0.0905195,0.1713467,0.0471,0.2462278,0.1877734,0.0301,0.08493238,0.1439407,,0.1468441,0.1427084,,0.06280702,0.1863605,0.0921,0.1858299,0.1045383,0.096,0.06864015,0.1047596,0.0481,0.1477335,0.2059574,0.0762,0.00483745,0.00674005,0.000753,0.03495693,0.06578902,0.0114,0.2483621,0.1761394,0.06
1.8,0.0832164,0.07263665,0.0257,0.10478,0.155845,0.0586,0.1963599,0.1589958,0.0238,0.07180157,0.1168737,,0.1512688,0.1491054,,0.05577406,0.1508102,0.0751,0.1541625,0.08076033,0.0744,0.06071473,0.08480203,0.0473,0.1317836,0.1607597,0.0815,0.00402208,0.00618764,0.000624,0.03730376,0.06409548,0.00895,0.2795948,0.1726097,0.0552
1.9,0.0781936,0.09292392,0.0267,0.1069934,0.1296998,0.066,0.1675289,0.1350942,0.0224,0.06240631,0.09864624,,0.1643351,0.1559478,,0.04385711,0.1188002,0.0749,0.125895,0.06987521,0.055,0.04797307,0.06515344,0.0381,0.1183435,0.178159,0.0911,0.00313485,0.00564921,0.000564,0.03872344,0.05688416,0.00764,0.2863174,0.1888218,0.0516
2,0.07884584,0.109656,0.0288,0.08458371,0.1062006,0.0639,0.1496855,0.1129543,0.023,0.06236326,0.08709112,,0.1731241,0.1594746,,0.04564495,0.1190678,0.0847,0.1001875,0.05553949,0.0599,0.0406577,0.05160621,0.0281,0.1112987,0.2092094,0.0799,0.00244303,0.00507721,0.000517,0.03862811,0.04962836,0.00682,0.2649295,0.2157165,0.0417
2.2,0.07545166,0.1114993,0.0203,0.06806409,0.06922604,0.0671,0.1236271,0.09275515,0.0271,0.04962542,0.067494,,0.1629021,0.1758232,,0.06971741,0.1357572,0.0921,0.06891301,0.04773709,0.043,0.0427936,0.04661603,0.0187,0.1050271,0.1940395,0.0901,0.00181778,0.00407497,0.000442,0.03570309,0.04754348,0.00545,0.2268919,0.2491339,0.0392
2.4,0.08695574,0.08817878,0.0202,0.05455551,0.05554845,0.0683,0.1031885,0.08078857,0.0282,0.04029889,0.05449678,,0.1554954,0.1696083,,0.08411631,0.1269053,0.0951,0.06443055,0.0479175,0.0422,0.03596242,0.0361011,0.0138,0.09053434,0.2068053,0.123,0.00167361,0.00340502,0.000362,0.03138487,0.04228852,0.00449,0.1352687,0.2169297,0.0455
2.5,0.09002803,0.07255059,0.0207,0.04951087,0.04801845,0.0608,0.09386601,0.07498668,0.0271,0.04085357,0.0496157,,0.1519352,0.1603571,,0.06954707,0.1103029,0.0971,0.06752949,0.04457562,0.0415,0.03091726,0.03253191,0.0141,0.097454,0.177696,0.136,0.001613,0.00315034,0.000312,0.02913987,0.03488026,0.00372,0.1118969,0.1931301,0.0335
2.6,0.09077682,0.05763803,0.0203,0.05023211,0.05145082,0.0529,0.08466998,0.06947023,0.0264,0.03822124,0.04809386,,0.1428614,0.1544316,,0.05526177,0.09462529,0.0896,0.0698323,0.03680306,0.0374,0.02604114,0.03429528,0.0145,0.09295043,0.1446703,0.138,0.00152963,0.00292038,0.000302,0.02691697,0.02722059,0.00334,0.08935051,0.1830894,0.0259
2.8,0.0937442,0.04315943,0.0179,0.0455117,0.05952776,0.042,0.06737668,0.0594673,0.0289,0.02514322,0.0557258,,0.129738,0.1376586,,0.05797188,0.07737857,0.0641,0.05464,0.0292069,0.0273,0.02278629,0.02656361,0.0114,0.08480226,0.1393321,0.121,0.00130782,0.00249632,0.000269,0.02595327,0.01885048,0.00298,0.09018882,0.1478076,0.023
3,0.09666784,0.04375639,0.0164,0.04288147,0.0619209,0.0394,0.0555258,0.05095241,0.0387,0.01858576,0.05707921,,0.1103275,0.1160217,,0.04765071,0.06652584,0.0489,0.05363725,0.02380059,0.0212,0.02045462,0.02216518,0.00785,0.08335833,0.119562,0.0922,0.00107431,0.00211202,0.000222,0.02802581,0.01364552,0.00259,0.08293498,0.1087105,0.0262
3.2,0.1010752,0.0449316,0.0177,0.04144998,0.06169404,0.0387,0.04883192,0.04383527,0.0461,0.01458941,0.05480526,,0.09689568,0.1094916,,0.03079324,0.06263498,0.0434,0.04820215,0.02078403,0.0156,0.01618622,0.02252848,0.0084,0.07494346,0.1026304,0.0655,0.00088195,0.00178254,0.000208,0.03164291,0.01300166,0.00228,0.06820875,0.09703051,0.0293
3.4,0.1093255,0.04118355,0.0193,0.03562408,0.06522476,0.0339,0.04393713,0.04098897,0.0388,0.0123507,0.04570869,,0.08493238,0.09700901,,0.02440123,0.05787451,0.0364,0.04158564,0.02106246,0.0114,0.01499175,0.02461218,0.0095,0.07513892,0.08368174,0.0499,0.00074472,0.00151675,0.00019,0.02992764,0.01183528,0.0019,0.05890304,0.1100384,0.025
3.5,0.1107028,0.04303286,0.0197,0.03215307,0.06796442,0.0305,0.04119518,0.04433737,0.0358,0.01250494,0.04007998,,0.07891734,0.08097872,,0.02195815,0.05411912,0.0335,0.0379081,0.02045639,0.00997,0.01441132,0.02477011,0.0101,0.06829942,0.07172992,0.0474,0.00069448,0.00140687,0.000177,0.02901763,0.01102965,0.00174,0.05998742,0.1108654,0.0226
3.6,0.1118763,0.04356619,0.02,0.02889764,0.06759612,0.0278,0.03833587,0.04654328,0.0327,0.01218745,0.03458575,,0.07272592,0.07559545,,0.02018967,0.0508422,0.032,0.03616044,0.01954633,0.00893,0.01579254,0.02446635,0.0106,0.06064284,0.06024877,0.0458,0.00065405,0.00131071,0.000164,0.02723508,0.01072647,0.00162,0.0629475,0.1079983,0.0219
3.8,0.1118305,0.04376218,0.0207,0.03130455,0.06571063,0.0267,0.03251716,0.04766756,0.0259,0.01036863,0.02861166,,0.06062804,0.06655843,,0.02003526,0.05233638,0.0333,0.03569832,0.01803675,0.00777,0.01614198,0.02571256,0.00948,0.05172325,0.04668636,0.0461,0.00059503,0.00115334,0.000155,0.02515125,0.01015243,0.00147,0.06986085,0.09426996,0.024
4,0.106408,0.0452261,0.0196,0.0371013,0.06054634,0.029,0.02691531,0.04546269,0.0203,0.00858817,0.02265129,,0.04989611,0.06024374,,0.0203605,0.0495843,0.0349,0.02956341,0.01442524,0.0073,0.01324591,0.02871387,0.00778,0.04201855,0.04513386,0.0412,0.0005545,0.00103229,0.000143,0.02203732,0.00900777,0.0014,0.06357385,0.0759583,0.0226
4.2,0.09811369,0.04435448,0.0172,0.04085616,0.05059949,0.0299,0.02358218,0.04117097,0.0172,0.00752374,0.01784174,,0.04206951,0.05530011,,0.01734987,0.04122497,0.0318,0.02334568,0.01070044,0.00666,0.01098198,0.02904054,0.00716,0.03932554,0.04112808,0.0343,0.00052332,0.00093694,0.00013,0.01781425,0.00755691,0.00134,0.0688328,0.06001971,0.0189
4.4,0.08721104,0.04005934,0.0141,0.0415424,0.04211068,0.0275,0.02243801,0.04040189,0.0145,0.00640556,0.01410166,,0.03612316,0.05030051,,0.01767073,0.03338248,0.0299,0.01966295,0.00835034,0.00634,0.00954805,0.02690298,0.00649,0.03740086,0.03781733,0.0262,0.00049607,0.00085929,0.000124,0.01499694,0.00636133,0.00126,0.06289565,0.04752817,0.0204
4.6,0.07551513,0.03902048,0.0117,0.03945223,0.03498088,0.0269,0.02157287,0.0415335,0.0126,0.0055633,0.0114112,,0.03085466,0.0455732,,0.01602705,0.02703283,0.0261,0.01674159,0.00735842,0.00599,0.00814436,0.02477665,0.00545,0.03588146,0.03219678,0.0208,0.00047002,0.00079383,0.000117,0.01282427,0.00614943,0.00116,0.05776601,0.04304633,0.0223
4.8,0.06617635,0.03941457,0.0108,0.03582653,0.02975499,0.0242,0.01967645,0.04124057,0.0105,0.00491708,0.01030248,,0.02628008,0.04162348,,0.01611246,0.02267398,0.0234,0.01385711,0.00651294,0.0056,0.00671989,0.02091688,0.00432,0.0336185,0.02669477,0.0182,0.00044409,0.00073692,0.000109,0.01075383,0.00575491,0.00103,0.05340703,0.03888334,0.0222
5,0.05969477,0.03832591,0.00968,0.03344091,0.02854084,0.0211,0.01849166,0.0363906,0.00932,0.00460986,0.00935548,,0.02237654,0.03771089,,0.01562569,0.02031039,0.019,0.01267556,0.00580018,0.00519,0.00542805,0.01715425,0.00328,0.03099712,0.02397324,0.0171,0.00041807,0.00068626,0.0001,0.00911973,0.00527165,0.000911,0.04779639,0.03575383,0.0226
5.5,0.04560973,0.03083937,0.00726,0.03472521,0.02998786,0.0131,0.01476502,0.02745331,0.00732,0.00432879,0.00770877,,0.01673587,0.03676458,,0.01103968,0.01568844,0.0141,0.01111866,0.00447613,0.00419,0.00415305,0.00949744,0.00256,0.02410502,0.02322416,0.0149,0.00035437,0.00057885,7.96E-05,0.00674189,0.00405215,0.000656,0.03405034,0.03884986,0.0209
6,0.03389232,0.02267132,0.00531,0.02808691,0.03016376,0.00811,0.01182322,0.01970463,0.00588,0.00334724,0.00663297,,0.01351729,0.03285373,,0.00843014,0.01197829,0.00969,0.0091353,0.00359841,0.00336,0.00366415,0.0061668,0.00196,0.01933099,0.01986114,0.00987,0.00029655,0.00049158,6.22E-05,0.00558623,0.00310094,0.0006,0.02259056,0.04251634,0.0174
6.5,0.02847872,0.01956774,0.00419,0.02113091,0.0229531,0.00612,0.00946124,0.01437089,0.005,0.00248786,0.00569425,,0.0110014,0.03043877,,0.00755696,0.01056037,0.00661,0.00727272,0.00298699,0.00272,0.00305842,0.00446185,0.00146,0.01666584,0.01781245,0.00698,0.00024739,0.00041996,4.87E-05,0.00462763,0.00244748,0.000518,0.01758135,0.03725089,0.0118
7,0.02380875,0.01651263,0.00317,0.01605427,0.01966604,0.00518,0.00761488,0.01135437,0.00434,0.0020094,0.00481173,,0.00903693,0.02702791,,0.00677651,0.00887061,0.00443,0.00574301,0.00253818,0.00224,0.00253115,0.0038744,0.00109,0.01415267,0.01478316,0.00488,0.00020715,0.00036121,4.41E-05,0.00385105,0.00200755,0.00043,0.01376309,0.02752171,0.00848
7.5,0.01978639,0.0134702,0.00269,0.01203936,0.01643137,0.00435,0.00618559,0.00898404,0.00375,0.00179286,0.00403574,,0.00750281,0.0225601,,0.00589423,0.00726266,0.00338,0.00457722,0.00219388,0.00189,0.00212118,0.00366563,0.00088,0.01159609,0.00979568,0.00474,0.00017481,0.000313,3.87E-05,0.00322741,0.00170184,0.000415,0.01021843,0.02071935,0.00666
8,0.01627734,0.01192299,0.00232,0.00868531,0.01298709,0.00358,0.00544761,0.00715374,0.00324,0.00167732,0.00340393,,0.00643303,0.01931021,,0.0047761,0.00563075,0.00312,0.00371311,0.00192065,0.00161,0.00181195,0.00320711,0.00075,0.01013575,0.00750874,0.00437,0.00014897,0.00027333,3.34E-05,0.00272702,0.00147773,0.000398,0.00900707,0.01811445,0.00555
8.5,0.01327542,0.01049021,0.00199,0.0068562,0.0109139,0.00326,0.00499183,0.005824,0.00281,0.00157151,0.00291397,,0.00610962,0.01666744,,0.0035407,0.00449556,0.00284,0.00307796,0.00169826,0.0014,0.00157702,0.002643,0.000647,0.00885119,0.00629648,0.00456,0.00012829,0.00024052,2.86E-05,0.00232394,0.00130425,0.000375,0.00820563,0.01783904,0.00453
9,0.01213687,0.00924056,0.00171,0.00566984,0.00946118,0.00292,0.00455197,0.00519459,0.00244,0.00144636,0.00254105,,0.00543367,0.01434567,,0.00326518,0.00363413,0.0025,0.00260756,0.00151378,0.00123,0.00139414,0.00212159,0.000598,0.00785486,0.00563983,0.00424,0.00011164,0.00021319,2.51E-05,0.00199737,0.00116383,0.000348,0.00743001,0.016678,0.00359
9.5,0.01107521,0.00814799,0.00147,0.00479285,0.0080876,0.00258,0.00412061,0.00464739,0.00221,0.00130415,0.0022555,,0.00461523,0.01226911,,0.00297402,0.00305663,0.00217,0.00225308,0.00135851,0.00109,0.00124748,0.00193293,0.000539,0.00678289,0.00490928,0.00362,9.81E-05,0.00019026,2.29E-05,0.00173073,0.00104648,0.000318,0.00650709,0.0138347,0.00287
10,0.01008841,0.00718478,0.00127,0.00416136,0.00695095,0.00226,0.00371554,0.00416859,0.00198,0.00115687,0.00203163,,0.00394373,0.01087552,,0.0026108,0.00265685,0.00189,0.00197981,0.00122629,0.000978,0.00112645,0.00171912,0.000477,0.00580783,0.00419406,0.00291,8.70E-05,0.00017086,2.09E-05,0.00151131,0.0009463,0.000289,0.00545464,0.01065808,0.00238
11,0.00834979,0.00560354,0.000948,0.00340216,0.00529109,0.00171,0.00301202,0.00338331,0.00151,0.00088666,0.00169834,,0.00290035,0.00948602,,0.00234557,0.00215945,0.00149,0.00158944,0.0010141,0.000799,0.00093612,0.00133156,0.000412,0.00460584,0.00409742,0.00202,7.01E-05,0.00014012,1.75E-05,0.0011771,0.00078386,0.000234,0.00420881,0.0063596,0.00182
12,0.00691883,0.00440501,0.00085,0.00289718,0.0041727,0.00131,0.00245253,0.00278083,0.00114,0.00067804,0.00145151,,0.00225742,0.00782373,,0.00200317,0.00200404,0.00124,0.00132246,0.00085261,0.000667,0.0007914,0.00105779,0.000388,0.00369125,0.00383416,0.00174,5.79E-05,0.00011712,1.47E-05,0.00093996,0.00065847,0.000189,0.00352195,0.00465279,0.00149
13,0.00576023,0.00349851,0.000809,0.00254148,0.00337541,0.00103,0.00201558,0.00231488,0.000917,0.00053123,0.00125381,,0.00187583,0.0061562,,0.00167335,0.00178089,0.00106,0.00112572,0.00072677,0.000565,0.00067718,0.0008812,0.000349,0.00299536,0.00315234,0.00136,4.89E-05,9.95E-05,1.25E-05,0.00076675,0.00055988,0.000153,0.00302947,0.00357332,0.00122
14,0.00482751,0.00281028,0.000743,0.00223415,0.00276791,0.000831,0.00167512,0.00195061,0.00075,0.00043133,0.00108994,,0.00158759,0.00473211,,0.0013904,0.00152925,0.000914,0.00097315,0.00062679,0.000485,0.0005851,0.00076394,0.000305,0.0024624,0.00240528,0.00102,4.19E-05,8.56E-05,1.07E-05,0.00063691,0.00048129,0.000125,0.00259551,0.00297025,0.00101
15,0.00407703,0.00228317,0.000667,0.00195747,0.00251649,0.000688,0.00140835,0.00166222,0.000628,0.00036306,0.00095248,,0.0013639,0.00360773,,0.00116047,0.00129016,0.000792,0.00085076,0.00054604,0.000421,0.00050983,0.0006785,0.000262,0.00204941,0.00190392,0.000876,3.65E-05,7.45E-05,9.21E-06,0.00053733,0.00041784,0.000104,0.00224226,0.00255438,0.000849
20,0.00196781,0.0010985,0.000347,0.00100348,0.0011599,0.000416,0.00078814,0.00086101,0.00035,0.00021138,0.00052672,,0.0007777,0.00145547,,0.00055224,0.00064882,0.000434,0.0004841,0.00030697,0.000235,0.00028365,0.00041015,0.00012,0.00108545,0.00102107,0.000596,2.07E-05,4.19E-05,4.97E-06,0.00029762,0.00023179,5.10E-05,0.00132068,0.00137079,0.000442
